Workbook

Sheet 01_FASTPPH
B2: COPY REPORT GENERATED BY FASTPPH
A8: ID | B8: DDP | C8: elementid | D8: Component Name | E8: elem 1 id | F8: elem 1 Node id | G8: elem 2 id | H8: elem 2 Node id | I8: box dimension | J8: loadcase | K8: file Name | L8: LoadCase Name | M8: Time Step Name | N8: pierced location | O8: Fx | P8: Fy | Q8: Fz | R8: MaxFz | S8: p1 | T8: p2 | U8: p3 | V8: p4 | W8: p5 | X8: p6 | Y8: p7 | Z8: p8 | AA8: p9 | AB8: p10 | AC8: p11 | AD8: p12 | AE8: p13 | AF8: p14 | AG8: p15 | AH8: p16 | AI8: p17 | AJ8: p18 | AK8: p19 | AL8: p20 | AM8: Fxx p1 | AN8: Fxx p2 | AO8: Fxx p3 | AP8: Fxx p4 | AQ8: Fxx p5 | AR8: Fxx p6 | AS8: Fxx p7 | AT8: Fxx p8 | AU8: Fxx p9 | AV8: Fxx p10 | AW8: Fxx p11 | AX8: Fxx p12 | AY8: Fxx p13 | AZ8: Fxx p14 | BA8: Fxx p15 | BB8: Fxx p16 | BC8: Fxx p17 | BD8: Fxx p18 | BE8: Fxx p19 | BF8: Fxx p20 | BG8: Fyy p1 | BH8: Fyy p2 | BI8: Fyy p3 | BJ8: Fyy p4 | BK8: Fyy p5 | BL8: Fyy p6 | BM8: Fyy p7 | BN8: Fyy p8 | BO8: Fyy p9 | BP8: Fyy p10 | BQ8: Fyy p11 | BR8: Fyy p12 | BS8: Fyy p13 | BT8: Fyy p14 | BU8: Fyy p15 | BV8: Fyy p16 | BW8: Fyy p17 | BX8: Fyy p18 | BY8: Fyy p19 | BZ8: Fyy p20 | CA8: Fxy p1 | CB8: Fxy p2 | CC8: Fxy p3 | CD8: Fxy p4 | CE8: Fxy p5 | CF8: Fxy p6 | CG8: Fxy p7 | CH8: Fxy p8 | CI8: Fxy p9 | CJ8: Fxy p10 | CK8: Fxy p11 | CL8: Fxy p12 | CM8: Fxy p13 | CN8: Fxy p14 | CO8: Fxy p15 | CP8: Fxy p16 | CQ8: Fxy p17 | CR8: Fxy p18 | CS8: Fxy p19 | CT8: Fxy p20 | CU8: Mxx p1 | CV8: Mxx p2 | CW8: Mxx p3 | CX8: Mxx p4 | CY8: Mxx p5 | CZ8: Mxx p6 | DA8: Mxx p7 | DB8: Mxx p8 | DC8: Mxx p9 | DD8: Mxx p10 | DE8: Mxx p11 | DF8: Mxx p12 | DG8: Mxx p13 | DH8: Mxx p14 | DI8: Mxx p15 | DJ8: Mxx p16 | DK8: Mxx p17 | DL8: Mxx p18 | DM8: Mxx p19 | DN8: Mxx p20 | DO8: Myy p1 | DP8: Myy p2 | DQ8: Myy p3 | DR8: Myy p4 | DS8: Myy p5 | DT8: Myy p6 | DU8: Myy p7 | DV8: Myy p8 | DW8: Myy p9 | DX8: Myy p10 | DY8: Myy p11 | DZ8: Myy p12 | EA8: Myy p13 | EB8: Myy p14 | EC8: Myy p15 | ED8: Myy p16 | EE8: Myy p17 | EF8: Myy p18 | EG8: Myy p19 | EH8: Myy p20 | EI8: Mxy p1 | EJ8: Mxy p2 | EK8: Mxy p3 | EL8: Mxy p4 | EM8: Mxy p5 | EN8: Mxy p6 | EO8: Mxy p7 | EP8: Mxy p8 | EQ8: Mxy p9 | ER8: Mxy p10 | ES8: Mxy p11 | ET8: Mxy p12 | EU8: Mxy p13 | EV8: Mxy p14 | EW8: Mxy p15 | EX8: Mxy p16 | EY8: Mxy p17 | EZ8: Mxy p18 | FA8: Mxy p19 | FB8: Mxy p20 | FC8: Nx bypass | FD8: Nx total | FE8: Ny bypass | FF8: Ny total | FG8: Nxy bypass | FH8: Nxy total | FI8: Mx total | FJ8: My total | FK8: Mxy total | FL8: DLS Ratio | FM8: Remark
A9: 1 | B9: 1 | C9: 2501542 | D9: SpliceOutbRH | E9: 2908020 | F9: 2908020 | G9: 0 | H9: 0 | I9: 51.48 | J9: 2_101_0 | K9: CDR_Pivot_V161_rightdown_all | L9: SUBCASE 101 = STLN ULT (INTACT) :STLN ULT (INTACT) | M9: Simulation 1 | N9: 28859.525904303933 171.7761413261218 4078.5102502192385 | O9: 6849.65 | P9: -6123.35 | Q9: 487.669 | R9: 8901.54 | S9: 28823.728019846505 173.045528096482 4084.990630269816 | T9: 28832.174954996284 172.53777338833794 4090.8557038185277 | U9: 28840.621890146063 172.03001868019385 4096.72077736724 | V9: 28849.06882529584 171.52226397204976 4102.585850915952 | W9: 28857.515760445618 171.01450926390567 4108.450924464663 | X9: 28865.962695595397 170.5067545557616 4114.315998013376 | Y9: 28871.83491422859 170.5067545557616 4105.858772444433 | Z9: 28877.707132861782 170.5067545557616 4097.40154687549 | AA9: 28883.579351494976 170.5067545557616 4088.944321306547 | AB9: 28889.451570128167 170.5067545557616 4080.487095737604 | AC9: 28895.32378876136 170.5067545557616 4072.0298701686606 | AD9: 28886.876853611582 171.01450926390567 4066.164796619949 | AE9: 28878.429918461803 171.52226397204976 4060.2997230712367 | AF9: 28869.982983312027 172.03001868019385 4054.434649522525 | AG9: 28861.53604816225 172.53777338833794 4048.569575973813 | AH9: 28853.08911301247 173.045528096482 4042.704502425101 | AI9: 28847.216894379275 173.045528096482 4051.161727994044 | AJ9: 28841.344675746084 173.045528096482 4059.6189535629874 | AK9: 28835.47245711289 173.045528096482 4068.07617913193 | AL9: 28829.6002384797 173.045528096482 4076.5334047008732 | AM9: 0 | AN9: 0 | AO9: 0 | AP9: 0 | AQ9: 0 | AR9: 0 | AS9: 0 | AT9: 0 | AU9: 0 | AV9: 0 | AW9: 0 | AX9: 0 | AY9: 0 | AZ9: 0 | BA9: 0 | BB9: 0 | BC9: 0 | BD9: 0 | BE9: 0 | BF9: 0 | BG9: 0 | BH9: 0 | BI9: 0 | BJ9: 0 | BK9: 0 | BL9: 0 | BM9: 0 | BN9: 0 | BO9: 0 | BP9: 0 | BQ9: 0 | BR9: 0 | BS9: 0 | BT9: 0 | BU9: 0 | BV9: 0 | BW9: 0 | BX9: 0 | BY9: 0 | BZ9: 0 | CA9: 0 | CB9: 0 | CC9: 0 | CD9: 0 | CE9: 0 | CF9: 0 | CG9: 0 | CH9: 0 | CI9: 0 | CJ9: 0 | CK9: 0 | CL9: 0 | CM9: 0 | CN9: 0 | CO9: 0 | CP9: 0 | CQ9: 0 | CR9: 0 | CS9: 0 | CT9: 0 | CU9: 0 | CV9: 0 | CW9: 0 | CX9: 0 | CY9: 0 | CZ9: 0 | DA9: 0 | DB9: 0 | DC9: 0 | DD9: 0 | DE9: 0 | DF9: 0 | DG9: 0 | DH9: 0 | DI9: 0 | DJ9: 0 | DK9: 0 | DL9: 0 | DM9: 0 | DN9: 0 | DO9: 0 | DP9: 0 | DQ9: 0 | DR9: 0 | DS9: 0 | DT9: 0 | DU9: 0 | DV9: 0 | DW9: 0 | DX9: 0 | DY9: 0 | DZ9: 0 | EA9: 0 | EB9: 0 | EC9: 0 | ED9: 0 | EE9: 0 | EF9: 0 | EG9: 0 | EH9: 0 | EI9: 0 | EJ9: 0 | EK9: 0 | EL9: 0 | EM9: 0 | EN9: 0 | EO9: 0 | EP9: 0 | EQ9: 0 | ER9: 0 | ES9: 0 | ET9: 0 | EU9: 0 | EV9: 0 | EW9: 0 | EX9: 0 | EY9: 0 | EZ9: 0 | FA9: 0 | FB9: 0 | FC9: 0 | FD9: 0 | FE9: 0 | FF9: 0 | FG9: 0 | FH9: 0 | FI9: 0 | FJ9: 0 | FK9: 0 | FL9: 0
A10: 2 | B10: 1 | C10: 2501542 | D10: SpliceOutbRH | E10: 2908020 | F10: 2908020 | G10: 0 | H10: 0 | I10: 51.48 | J10: 3_102_0 | K10: CDR_Pivot_V161_leftdown_all | L10: SUBCASE 102 = STLP ULT (INTACT) :STLP ULT (INTACT) | M10: Simulation 1 | N10: 28859.525904303933 171.7761413261218 4078.5102502192385 | O10: -7074 | P10: 6791.27 | Q10: -601.103 | R10: 0 | S10: 28823.728019846505 173.045528096482 4084.990630269816 | T10: 28832.174954996284 172.53777338833794 4090.8557038185277 | U10: 28840.621890146063 172.03001868019385 4096.72077736724 | V10: 28849.06882529584 171.52226397204976 4102.585850915952 | W10: 28857.515760445618 171.01450926390567 4108.450924464663 | X10: 28865.962695595397 170.5067545557616 4114.315998013376 | Y10: 28871.83491422859 170.5067545557616 4105.858772444433 | Z10: 28877.707132861782 170.5067545557616 4097.40154687549 | AA10: 28883.579351494976 170.5067545557616 4088.944321306547 | AB10: 28889.451570128167 170.5067545557616 4080.487095737604 | AC10: 28895.32378876136 170.5067545557616 4072.0298701686606 | AD10: 28886.876853611582 171.01450926390567 4066.164796619949 | AE10: 28878.429918461803 171.52226397204976 4060.2997230712367 | AF10: 28869.982983312027 172.03001868019385 4054.434649522525 | AG10: 28861.53604816225 172.53777338833794 4048.569575973813 | AH10: 28853.08911301247 173.045528096482 4042.704502425101 | AI10: 28847.216894379275 173.045528096482 4051.161727994044 | AJ10: 28841.344675746084 173.045528096482 4059.6189535629874 | AK10: 28835.47245711289 173.045528096482 4068.07617913193 | AL10: 28829.6002384797 173.045528096482 4076.5334047008732 | AM10: 0 | AN10: 0 | AO10: 0 | AP10: 0 | AQ10: 0 | AR10: 0 | AS10: 0 | AT10: 0 | AU10: 0 | AV10: 0 | AW10: 0 | AX10: 0 | AY10: 0 | AZ10: 0 | BA10: 0 | BB10: 0 | BC10: 0 | BD10: 0 | BE10: 0 | BF10: 0 | BG10: 0 | BH10: 0 | BI10: 0 | BJ10: 0 | BK10: 0 | BL10: 0 | BM10: 0 | BN10: 0 | BO10: 0 | BP10: 0 | BQ10: 0 | BR10: 0 | BS10: 0 | BT10: 0 | BU10: 0 | BV10: 0 | BW10: 0 | BX10: 0 | BY10: 0 | BZ10: 0 | CA10: 0 | CB10: 0 | CC10: 0 | CD10: 0 | CE10: 0 | CF10: 0 | CG10: 0 | CH10: 0 | CI10: 0 | CJ10: 0 | CK10: 0 | CL10: 0 | CM10: 0 | CN10: 0 | CO10: 0 | CP10: 0 | CQ10: 0 | CR10: 0 | CS10: 0 | CT10: 0 | CU10: 0 | CV10: 0 | CW10: 0 | CX10: 0 | CY10: 0 | CZ10: 0 | DA10: 0 | DB10: 0 | DC10: 0 | DD10: 0 | DE10: 0 | DF10: 0 | DG10: 0 | DH10: 0 | DI10: 0 | DJ10: 0 | DK10: 0 | DL10: 0 | DM10: 0 | DN10: 0 | DO10: 0 | DP10: 0 | DQ10: 0 | DR10: 0 | DS10: 0 | DT10: 0 | DU10: 0 | DV10: 0 | DW10: 0 | DX10: 0 | DY10: 0 | DZ10: 0 | EA10: 0 | EB10: 0 | EC10: 0 | ED10: 0 | EE10: 0 | EF10: 0 | EG10: 0 | EH10: 0 | EI10: 0 | EJ10: 0 | EK10: 0 | EL10: 0 | EM10: 0 | EN10: 0 | EO10: 0 | EP10: 0 | EQ10: 0 | ER10: 0 | ES10: 0 | ET10: 0 | EU10: 0 | EV10: 0 | EW10: 0 | EX10: 0 | EY10: 0 | EZ10: 0 | FA10: 0 | FB10: 0 | FC10: 0 | FD10: 0 | FE10: 0 | FF10: 0 | FG10: 0 | FH10: 0 | FI10: 0 | FJ10: 0 | FK10: 0 | FL10: 0
A11: 3 | B11: 1 | C11: 1500994 | D11: SkinRH | E11: 2908020 | F11: 1908022 | G11: 3908020 | H11: 1908023 | I11: 57.915 | J11: 2_101_0 | K11: CDR_Pivot_V161_rightdown_all | L11: SUBCASE 101 = STLN ULT (INTACT) :STLN ULT (INTACT) | M11: Simulation 1 | N11: 28859.525904303933 161.59140378988127 4078.5102502192385 | O11: 917.802 | P11: -3276.95 | Q11: 757.354 | R11: 8901.54 | S11: 28818.64423300476 163.35019707006083 4076.8764783612655 | T11: 28826.47870437506 162.646679757989 4085.3789492221144 | U11: 28834.31317574536 161.94316244591718 4093.881420082963 | V11: 28842.147647115657 161.23964513384536 4102.383890943812 | W11: 28849.982118485957 160.53612782177353 4110.886361804661 | X11: 28857.816589856255 159.8326105097017 4119.388832665509 | Y11: 28866.334787005624 159.8326105097017 4111.539870547849 | Z11: 28874.852984154993 159.8326105097017 4103.69090843019 | AA11: 28883.371181304366 159.8326105097017 4095.8419463125306 | AB11: 28891.889378453736 159.8326105097017 4087.992984194871 | AC11: 28900.407575603105 159.8326105097017 4080.1440220772115 | AD11: 28892.573104232808 160.53612782177353 4071.6415512163626 | AE11: 28884.738632862507 161.23964513384536 4063.139080355514 | AF11: 28876.90416149221 161.94316244591718 4054.636609494665 | AG11: 28869.06969012191 162.646679757989 4046.1341386338167 | AH11: 28861.23521875161 163.35019707006083 4037.631667772968 | AI11: 28852.717021602242 163.35019707006083 4045.4806298906274 | AJ11: 28844.198824452873 163.35019707006083 4053.329592008287 | AK11: 28835.6806273035 163.35019707006083 4061.1785541259464 | AL11: 28827.16243015413 163.35019707006083 4069.027516243606 | AM11: 192.524 | AN11: 225.421 | AO11: 250.962 | AP11: 278.275 | AQ11: 303.974 | AR11: 328.534 | AS11: 182.085 | AT11: 21.268 | AU11: -133.79 | AV11: -245.003 | AW11: -346.73 | AX11: -406.513 | AY11: -440.298 | AZ11: -473.07 | BA11: -504.042 | BB11: -528.948 | BC11: -373.125 | BD11: -225.255 | BE11: -83.1735 | BF11: 52.0778 | BG11: 393.466 | BH11: 395.354 | BI11: 396.26 | BJ11: 391.561 | BK11: 383.287 | BL11: 375.24 | BM11: 364.651 | BN11: 351.466 | BO11: 336.484 | BP11: 307.866 | BQ11: 293.659 | BR11: 284.34 | BS11: 272.364 | BT11: 270.789 | BU11: 275.08 | BV11: 279.5 | BW11: 297.796 | BX11: 321.103 | BY11: 343.895 | BZ11: 370.607 | CA11: -554.874 | CB11: -568.036 | CC11: -571.565 | CD11: -572.387 | CE11: -579.112 | CF11: -588.89 | CG11: -563.336 | CH11: -542.209 | CI11: -517.771 | CJ11: -483.796 | CK11: -448.571 | CL11: -450.443 | CM11: -443.398 | CN11: -438.094 | CO11: -428.981 | CP11: -415.144 | CQ11: -435.746 | CR11: -457.191 | CS11: -485.62 | CT11: -518.81 | CU11: -4738.23 | CV11: -5363.76 | CW11: -5788.31 | CX11: -6177.03 | CY11: -6607.87 | CZ11: -7207.21 | DA11: -7808.71 | DB11: -8473.79 | DC11: -9607.54 | DD11: -10685.6 | DE11: -12253.7 | DF11: -10629 | DG11: -9509.28 | DH11: -8541.08 | DI11: -7484.77 | DJ11: -6244.74 | DK11: -6167.95 | DL11: -5921.69 | DM11: -5705.32 | DN11: -5284.84 | DO11: -1656.86 | DP11: -1719.06 | DQ11: -1798.34 | DR11: -1917.61 | DS11: -2104.68 | DT11: -2350.44 | DU11: -2009.23 | DV11: -1706.17 | DW11: -1877.25 | DX11: -2901.87 | DY11: -4689.41 | DZ11: -4078.52 | EA11: -3588.49 | EB11: -3214.9 | EC11: -2929.98 | ED11: -2625.36 | EE11: -2869.82 | EF11: -3039.03 | EG11: -2742.23 | EH11: -2177.75 | EI11: 467.691 | EJ11: 749.814 | EK11: 1018.67 | EL11: 1227.66 | EM11: 1426.9 | EN11: 1684.72 | EO11: 1738.16 | EP11: 1687.67 | EQ11: 1473.88 | ER11: 743.097 | ES11: 599.067 | ET11: 320.631 | EU11: 125.509 | EV11: 17.2275 | EW11: -21.8539 | EX11: -69.8873 | EY11: -53.3397 | EZ11: 24.6894 | FA11: 130.183 | FB11: 297.217 | FC11: -32.2725 | FD11: -160.983 | FE11: 279.289 | FF11: 389.195 | FG11: -437.439 | FH11: -572.477 | FI11: 7508.27 | FJ11: 2722.8 | FK11: -677.887 | FL11: 0.365124
A12: 4 | B12: 1 | C12: 1500994 | D12: SkinRH | E12: 2908020 | F12: 1908022 | G12: 3908020 | H12: 1908023 | I12: 57.915 | J12: 3_102_0 | K12: CDR_Pivot_V161_leftdown_all | L12: SUBCASE 102 = STLP ULT (INTACT) :STLP ULT (INTACT) | M12: Simulation 1 | N12: 28859.525904303933 161.59140378988127 4078.5102502192385 | O12: -717.404 | P12: 3469.09 | Q12: -952.383 | R12: 0 | S12: 28818.64423300476 163.35019707006083 4076.8764783612655 | T12: 28826.47870437506 162.646679757989 4085.3789492221144 | U12: 28834.31317574536 161.94316244591718 4093.881420082963 | V12: 28842.147647115657 161.23964513384536 4102.383890943812 | W12: 28849.982118485957 160.53612782177353 4110.886361804661 | X12: 28857.816589856255 159.8326105097017 4119.388832665509 | Y12: 28866.334787005624 159.8326105097017 4111.539870547849 | Z12: 28874.852984154993 159.8326105097017 4103.69090843019 | AA12: 28883.371181304366 159.8326105097017 4095.8419463125306 | AB12: 28891.889378453736 159.8326105097017 4087.992984194871 | AC12: 28900.407575603105 159.8326105097017 4080.1440220772115 | AD12: 28892.573104232808 160.53612782177353 4071.6415512163626 | AE12: 28884.738632862507 161.23964513384536 4063.139080355514 | AF12: 28876.90416149221 161.94316244591718 4054.636609494665 | AG12: 28869.06969012191 162.646679757989 4046.1341386338167 | AH12: 28861.23521875161 163.35019707006083 4037.631667772968 | AI12: 28852.717021602242 163.35019707006083 4045.4806298906274 | AJ12: 28844.198824452873 163.35019707006083 4053.329592008287 | AK12: 28835.6806273035 163.35019707006083 4061.1785541259464 | AL12: 28827.16243015413 163.35019707006083 4069.027516243606 | AM12: -116.451 | AN12: -148.799 | AO12: -179.254 | AP12: -215.144 | AQ12: -257.743 | AR12: -304.255 | AS12: -44.2298 | AT12: 247.161 | AU12: 533.201 | AV12: 745.877 | AW12: 966.418 | AX12: 955.151 | AY12: 909.387 | AZ12: 869.916 | BA12: 838.855 | BB12: 810.925 | BC12: 635.458 | BD12: 451.052 | BE12: 262.24 | BF12: 75.1013 | BG12: -406.209 | BH12: -404.797 | BI12: -399.816 | BJ12: -387.103 | BK12: -366.31 | BL12: -343.177 | BM12: -354.702 | BN12: -372.016 | BO12: -392.92 | BP12: -396.615 | BQ12: -416.15 | BR12: -405.649 | BS12: -384.515 | BT12: -371.209 | BU12: -363.495 | BV12: -356.052 | BW12: -368.187 | BX12: -380.033 | BY12: -388.059 | BZ12: -398.718 | CA12: 479.038 | CB12: 477.876 | CC12: 463.934 | CD12: 447.47 | CE12: 435.102 | CF12: 428.168 | CG12: 381.892 | CH12: 360.559 | CI12: 365.186 | CJ12: 387.531 | CK12: 429.119 | CL12: 456.124 | CM12: 468.303 | CN12: 477.177 | CO12: 476.99 | CP12: 468.23 | CQ12: 442.633 | CR12: 428.508 | CS12: 431.5 | CT12: 449.206 | CU12: 5388.29 | CV12: 6160.73 | CW12: 6733.86 | CX12: 7289.31 | CY12: 7933.8 | CZ12: 8783.44 | DA12: 9405.33 | DB12: 10045.9 | DC12: 11059.1 | DD12: 11953.9 | DE12: 13397.2 | DF12: 11693.9 | DG12: 10429.2 | DH12: 9310.48 | DI12: 8107.33 | DJ12: 6735.38 | DK12: 6739.84 | DL12: 6537.27 | DM12: 6346.14 | DN12: 5932.99 | DO12: 1982.62 | DP12: 2068.54 | DQ12: 2169.46 | DR12: 2306.06 | DS12: 2497.28 | DT12: 2730.4 | DU12: 2426.62 | DV12: 2199.05 | DW12: 2455.29 | DX12: 3494.94 | DY12: 5355.14 | DZ12: 4776.96 | EA12: 4259.24 | EB12: 3836.42 | EC12: 3494 | ED12: 3127.87 | EE12: 3388.81 | EF12: 3545.8 | EG12: 3205.4 | EH12: 2574.53 | EI12: -307.596 | EJ12: -579.425 | EK12: -842.722 | EL12: -1050.39 | EM12: -1260 | EN12: -1532.2 | EO12: -1501.68 | EP12: -1373.84 | EQ12: -1101.83 | ER12: -342.13 | ES12: -119.269 | ET12: 77.6662 | EU12: 187.477 | EV12: 217.511 | EW12: 192.524 | EX12: 191.51 | EY12: 208.417 | EZ12: 160.332 | FA12: 61.3427 | FB12: -120.155 | FC12: 353.054 | FD12: 357.362 | FE12: -382.845 | FF12: -384.569 | FG12: 392.076 | FH12: 462.657 | FI12: -8527.07 | FJ12: -3217 | FK12: 441.751 | FL12: 0.0715248
A13: 5 | B13: 1 | C13: 3503930 | D13: SpliceInbRH | E13: 3908020 | F13: 3908021 | G13: 0 | H13: 0 | I13: 51.48 | J13: 2_101_0 | K13: CDR_Pivot_V161_rightdown_all | L13: SUBCASE 101 = STLN ULT (INTACT) :STLN ULT (INTACT) | M13: Simulation 1 | N13: 28859.525904303933 151.3403652336483 4078.510250219238 | O13: -9011.57 | P13: 40.0735 | Q13: -171.194 | R13: 8901.54 | S13: 28823.743177159224 152.9538442307419 4072.0226987848973 | T13: 28829.588127213978 152.30845263190446 4080.474186496629 | U13: 28835.433077268735 151.663061033067 4088.9256742083603 | V13: 28841.278027323493 151.0176694342296 4097.377161920092 | W13: 28847.12297737825 150.37227783539214 4105.828649631823 | X13: 28852.967927433005 149.7268862365547 4114.280137343555 | Y13: 28861.436068236133 149.7268862365547 4108.42367020556 | Z13: 28869.90420903926 149.7268862365547 4102.567203067564 | AA13: 28878.372349842386 149.7268862365547 4096.710735929569 | AB13: 28886.840490645514 149.7268862365547 4090.854268791574 | AC13: 28895.308631448643 149.7268862365547 4084.997801653579 | AD13: 28889.46368139389 150.37227783539214 4076.546313941847 | AE13: 28883.61873133913 151.0176694342296 4068.094826230116 | AF13: 28877.773781284373 151.663061033067 4059.643338518384 | AG13: 28871.928831229616 152.30845263190446 4051.191850806653 | AH13: 28866.08388117486 152.9538442307419 4042.740363094921 | AI13: 28857.615740371733 152.9538442307419 4048.5968302329165 | AJ13: 28849.147599568605 152.9538442307419 4054.4532973709115 | AK13: 28840.67945876548 152.9538442307419 4060.309764508907 | AL13: 28832.211317962352 152.9538442307419 4066.166231646902 | AM13: 0 | AN13: 0 | AO13: 0 | AP13: 0 | AQ13: 0 | AR13: 0 | AS13: 0 | AT13: 0 | AU13: 0 | AV13: 0 | AW13: 0 | AX13: 0 | AY13: 0 | AZ13: 0 | BA13: 0 | BB13: 0 | BC13: 0 | BD13: 0 | BE13: 0 | BF13: 0 | BG13: 0 | BH13: 0 | BI13: 0 | BJ13: 0 | BK13: 0 | BL13: 0 | BM13: 0 | BN13: 0 | BO13: 0 | BP13: 0 | BQ13: 0 | BR13: 0 | BS13: 0 | BT13: 0 | BU13: 0 | BV13: 0 | BW13: 0 | BX13: 0 | BY13: 0 | BZ13: 0 | CA13: 0 | CB13: 0 | CC13: 0 | CD13: 0 | CE13: 0 | CF13: 0 | CG13: 0 | CH13: 0 | CI13: 0 | CJ13: 0 | CK13: 0 | CL13: 0 | CM13: 0 | CN13: 0 | CO13: 0 | CP13: 0 | CQ13: 0 | CR13: 0 | CS13: 0 | CT13: 0 | CU13: 0 | CV13: 0 | CW13: 0 | CX13: 0 | CY13: 0 | CZ13: 0 | DA13: 0 | DB13: 0 | DC13: 0 | DD13: 0 | DE13: 0 | DF13: 0 | DG13: 0 | DH13: 0 | DI13: 0 | DJ13: 0 | DK13: 0 | DL13: 0 | DM13: 0 | DN13: 0 | DO13: 0 | DP13: 0 | DQ13: 0 | DR13: 0 | DS13: 0 | DT13: 0 | DU13: 0 | DV13: 0 | DW13: 0 | DX13: 0 | DY13: 0 | DZ13: 0 | EA13: 0 | EB13: 0 | EC13: 0 | ED13: 0 | EE13: 0 | EF13: 0 | EG13: 0 | EH13: 0 | EI13: 0 | EJ13: 0 | EK13: 0 | EL13: 0 | EM13: 0 | EN13: 0 | EO13: 0 | EP13: 0 | EQ13: 0 | ER13: 0 | ES13: 0 | ET13: 0 | EU13: 0 | EV13: 0 | EW13: 0 | EX13: 0 | EY13: 0 | EZ13: 0 | FA13: 0 | FB13: 0 | FC13: 0 | FD13: 0 | FE13: 0 | FF13: 0 | FG13: 0 | FH13: 0 | FI13: 0 | FJ13: 0 | FK13: 0 | FL13: 0
A14: 6 | B14: 1 | C14: 3503930 | D14: SpliceInbRH | E14: 3908020 | F14: 3908021 | G14: 0 | H14: 0 | I14: 51.48 | J14: 3_102_0 | K14: CDR_Pivot_V161_leftdown_all | L14: SUBCASE 102 = STLP ULT (INTACT) :STLP ULT (INTACT) | M14: Simulation 1 | N14: 28859.525904303933 151.3403652336483 4078.510250219238 | O14: 9229.85 | P14: 344.269 | Q14: 248.929 | R14: 0 | S14: 28823.743177159224 152.9538442307419 4072.0226987848973 | T14: 28829.588127213978 152.30845263190446 4080.474186496629 | U14: 28835.433077268735 151.663061033067 4088.9256742083603 | V14: 28841.278027323493 151.0176694342296 4097.377161920092 | W14: 28847.12297737825 150.37227783539214 4105.828649631823 | X14: 28852.967927433005 149.7268862365547 4114.280137343555 | Y14: 28861.436068236133 149.7268862365547 4108.42367020556 | Z14: 28869.90420903926 149.7268862365547 4102.567203067564 | AA14: 28878.372349842386 149.7268862365547 4096.710735929569 | AB14: 28886.840490645514 149.7268862365547 4090.854268791574 | AC14: 28895.308631448643 149.7268862365547 4084.997801653579 | AD14: 28889.46368139389 150.37227783539214 4076.546313941847 | AE14: 28883.61873133913 151.0176694342296 4068.094826230116 | AF14: 28877.773781284373 151.663061033067 4059.643338518384 | AG14: 28871.928831229616 152.30845263190446 4051.191850806653 | AH14: 28866.08388117486 152.9538442307419 4042.740363094921 | AI14: 28857.615740371733 152.9538442307419 4048.5968302329165 | AJ14: 28849.147599568605 152.9538442307419 4054.4532973709115 | AK14: 28840.67945876548 152.9538442307419 4060.309764508907 | AL14: 28832.211317962352 152.9538442307419 4066.166231646902 | AM14: 0 | AN14: 0 | AO14: 0 | AP14: 0 | AQ14: 0 | AR14: 0 | AS14: 0 | AT14: 0 | AU14: 0 | AV14: 0 | AW14: 0 | AX14: 0 | AY14: 0 | AZ14: 0 | BA14: 0 | BB14: 0 | BC14: 0 | BD14: 0 | BE14: 0 | BF14: 0 | BG14: 0 | BH14: 0 | BI14: 0 | BJ14: 0 | BK14: 0 | BL14: 0 | BM14: 0 | BN14: 0 | BO14: 0 | BP14: 0 | BQ14: 0 | BR14: 0 | BS14: 0 | BT14: 0 | BU14: 0 | BV14: 0 | BW14: 0 | BX14: 0 | BY14: 0 | BZ14: 0 | CA14: 0 | CB14: 0 | CC14: 0 | CD14: 0 | CE14: 0 | CF14: 0 | CG14: 0 | CH14: 0 | CI14: 0 | CJ14: 0 | CK14: 0 | CL14: 0 | CM14: 0 | CN14: 0 | CO14: 0 | CP14: 0 | CQ14: 0 | CR14: 0 | CS14: 0 | CT14: 0 | CU14: 0 | CV14: 0 | CW14: 0 | CX14: 0 | CY14: 0 | CZ14: 0 | DA14: 0 | DB14: 0 | DC14: 0 | DD14: 0 | DE14: 0 | DF14: 0 | DG14: 0 | DH14: 0 | DI14: 0 | DJ14: 0 | DK14: 0 | DL14: 0 | DM14: 0 | DN14: 0 | DO14: 0 | DP14: 0 | DQ14: 0 | DR14: 0 | DS14: 0 | DT14: 0 | DU14: 0 | DV14: 0 | DW14: 0 | DX14: 0 | DY14: 0 | DZ14: 0 | EA14: 0 | EB14: 0 | EC14: 0 | ED14: 0 | EE14: 0 | EF14: 0 | EG14: 0 | EH14: 0 | EI14: 0 | EJ14: 0 | EK14: 0 | EL14: 0 | EM14: 0 | EN14: 0 | EO14: 0 | EP14: 0 | EQ14: 0 | ER14: 0 | ES14: 0 | ET14: 0 | EU14: 0 | EV14: 0 | EW14: 0 | EX14: 0 | EY14: 0 | EZ14: 0 | FA14: 0 | FB14: 0 | FC14: 0 | FD14: 0 | FE14: 0 | FF14: 0 | FG14: 0 | FH14: 0 | FI14: 0 | FJ14: 0 | FK14: 0 | FL14: 0
A15: 7 | B15: 2 | C15: 2101253 | D15: SpliceOutbLH | E15: 2915010 | F15: 2915010 | G15: 0 | H15: 0 | I15: 51.48 | J15: 2_101_0 | K15: CDR_Pivot_V161_rightdown_all | L15: SUBCASE 101 = STLN ULT (INTACT) :STLN ULT (INTACT) | M15: Simulation 1 | N15: 28852.61859534529 -177.25256712851655 3918.433981082009 | O15: -5159.54 | P15: -11773.5 | Q15: -251.052 | R15: 34172.2 | S15: 28816.390556136725 -178.76567858189 3915.2191920015052 | T15: 28824.26658016535 -178.16043400054062 3908.615440000008 | U15: 28832.142604193974 -177.55518941919124 3902.011687998511 | V15: 28840.018628222595 -176.94994483784185 3895.407935997014 | W15: 28847.89465225122 -176.34470025649247 3888.804183995517 | X15: 28855.770676279844 -175.7394556751431 3882.20043199402 | Y15: 28862.38586793465 -175.7394556751431 3890.0900996277187 | Z15: 28869.00105958945 -175.7394556751431 3897.9797672614172 | AA15: 28875.616251244253 -175.7394556751431 3905.8694348951153 | AB15: 28882.231442899054 -175.7394556751431 3913.759102528814 | AC15: 28888.846634553858 -175.7394556751431 3921.6487701625124 | AD15: 28880.970610525233 -176.34470025649247 3928.2525221640094 | AE15: 28873.09458649661 -176.94994483784185 3934.8562741655064 | AF15: 28865.218562467988 -177.55518941919124 3941.4600261670034 | AG15: 28857.342538439363 -178.16043400054062 3948.0637781685004 | AH15: 28849.46651441074 -178.76567858189 3954.6675301699975 | AI15: 28842.851322755934 -178.76567858189 3946.777862536299 | AJ15: 28836.236131101134 -178.76567858189 3938.8881949026004 | AK15: 28829.62093944633 -178.76567858189 3930.9985272689023 | AL15: 28823.00574779153 -178.76567858189 3923.1088596352038 | AM15: 0 | AN15: 0 | AO15: 0 | AP15: 0 | AQ15: 0 | AR15: 0 | AS15: 0 | AT15: 0 | AU15: 0 | AV15: 0 | AW15: 0 | AX15: 0 | AY15: 0 | AZ15: 0 | BA15: 0 | BB15: 0 | BC15: 0 | BD15: 0 | BE15: 0 | BF15: 0 | BG15: 0 | BH15: 0 | BI15: 0 | BJ15: 0 | BK15: 0 | BL15: 0 | BM15: 0 | BN15: 0 | BO15: 0 | BP15: 0 | BQ15: 0 | BR15: 0 | BS15: 0 | BT15: 0 | BU15: 0 | BV15: 0 | BW15: 0 | BX15: 0 | BY15: 0 | BZ15: 0 | CA15: 0 | CB15: 0 | CC15: 0 | CD15: 0 | CE15: 0 | CF15: 0 | CG15: 0 | CH15: 0 | CI15: 0 | CJ15: 0 | CK15: 0 | CL15: 0 | CM15: 0 | CN15: 0 | CO15: 0 | CP15: 0 | CQ15: 0 | CR15: 0 | CS15: 0 | CT15: 0 | CU15: 0 | CV15: 0 | CW15: 0 | CX15: 0 | CY15: 0 | CZ15: 0 | DA15: 0 | DB15: 0 | DC15: 0 | DD15: 0 | DE15: 0 | DF15: 0 | DG15: 0 | DH15: 0 | DI15: 0 | DJ15: 0 | DK15: 0 | DL15: 0 | DM15: 0 | DN15: 0 | DO15: 0 | DP15: 0 | DQ15: 0 | DR15: 0 | DS15: 0 | DT15: 0 | DU15: 0 | DV15: 0 | DW15: 0 | DX15: 0 | DY15: 0 | DZ15: 0 | EA15: 0 | EB15: 0 | EC15: 0 | ED15: 0 | EE15: 0 | EF15: 0 | EG15: 0 | EH15: 0 | EI15: 0 | EJ15: 0 | EK15: 0 | EL15: 0 | EM15: 0 | EN15: 0 | EO15: 0 | EP15: 0 | EQ15: 0 | ER15: 0 | ES15: 0 | ET15: 0 | EU15: 0 | EV15: 0 | EW15: 0 | EX15: 0 | EY15: 0 | EZ15: 0 | FA15: 0 | FB15: 0 | FC15: 0 | FD15: 0 | FE15: 0 | FF15: 0 | FG15: 0 | FH15: 0 | FI15: 0 | FJ15: 0 | FK15: 0 | FL15: 0
A16: 8 | B16: 2 | C16: 2101253 | D16: SpliceOutbLH | E16: 2915010 | F16: 2915010 | G16: 0 | H16: 0 | I16: 51.48 | J16: 3_102_0 | K16: CDR_Pivot_V161_leftdown_all | L16: SUBCASE 102 = STLP ULT (INTACT) :STLP ULT (INTACT) | M16: Simulation 1 | N16: 28852.61859534529 -177.25256712851655 3918.433981082009 | O16: 6401.09 | P16: 12292.4 | Q16: 361.743 | R16: 12578.8 | S16: 28816.390556136725 -178.76567858189 3915.2191920015052 | T16: 28824.26658016535 -178.16043400054062 3908.615440000008 | U16: 28832.142604193974 -177.55518941919124 3902.011687998511 | V16: 28840.018628222595 -176.94994483784185 3895.407935997014 | W16: 28847.89465225122 -176.34470025649247 3888.804183995517 | X16: 28855.770676279844 -175.7394556751431 3882.20043199402 | Y16: 28862.38586793465 -175.7394556751431 3890.0900996277187 | Z16: 28869.00105958945 -175.7394556751431 3897.9797672614172 | AA16: 28875.616251244253 -175.7394556751431 3905.8694348951153 | AB16: 28882.231442899054 -175.7394556751431 3913.759102528814 | AC16: 28888.846634553858 -175.7394556751431 3921.6487701625124 | AD16: 28880.970610525233 -176.34470025649247 3928.2525221640094 | AE16: 28873.09458649661 -176.94994483784185 3934.8562741655064 | AF16: 28865.218562467988 -177.55518941919124 3941.4600261670034 | AG16: 28857.342538439363 -178.16043400054062 3948.0637781685004 | AH16: 28849.46651441074 -178.76567858189 3954.6675301699975 | AI16: 28842.851322755934 -178.76567858189 3946.777862536299 | AJ16: 28836.236131101134 -178.76567858189 3938.8881949026004 | AK16: 28829.62093944633 -178.76567858189 3930.9985272689023 | AL16: 28823.00574779153 -178.76567858189 3923.1088596352038 | AM16: 0 | AN16: 0 | AO16: 0 | AP16: 0 | AQ16: 0 | AR16: 0 | AS16: 0 | AT16: 0 | AU16: 0 | AV16: 0 | AW16: 0 | AX16: 0 | AY16: 0 | AZ16: 0 | BA16: 0 | BB16: 0 | BC16: 0 | BD16: 0 | BE16: 0 | BF16: 0 | BG16: 0 | BH16: 0 | BI16: 0 | BJ16: 0 | BK16: 0 | BL16: 0 | BM16: 0 | BN16: 0 | BO16: 0 | BP16: 0 | BQ16: 0 | BR16: 0 | BS16: 0 | BT16: 0 | BU16: 0 | BV16: 0 | BW16: 0 | BX16: 0 | BY16: 0 | BZ16: 0 | CA16: 0 | CB16: 0 | CC16: 0 | CD16: 0 | CE16: 0 | CF16: 0 | CG16: 0 | CH16: 0 | CI16: 0 | CJ16: 0 | CK16: 0 | CL16: 0 | CM16: 0 | CN16: 0 | CO16: 0 | CP16: 0 | CQ16: 0 | CR16: 0 | CS16: 0 | CT16: 0 | CU16: 0 | CV16: 0 | CW16: 0 | CX16: 0 | CY16: 0 | CZ16: 0 | DA16: 0 | DB16: 0 | DC16: 0 | DD16: 0 | DE16: 0 | DF16: 0 | DG16: 0 | DH16: 0 | DI16: 0 | DJ16: 0 | DK16: 0 | DL16: 0 | DM16: 0 | DN16: 0 | DO16: 0 | DP16: 0 | DQ16: 0 | DR16: 0 | DS16: 0 | DT16: 0 | DU16: 0 | DV16: 0 | DW16: 0 | DX16: 0 | DY16: 0 | DZ16: 0 | EA16: 0 | EB16: 0 | EC16: 0 | ED16: 0 | EE16: 0 | EF16: 0 | EG16: 0 | EH16: 0 | EI16: 0 | EJ16: 0 | EK16: 0 | EL16: 0 | EM16: 0 | EN16: 0 | EO16: 0 | EP16: 0 | EQ16: 0 | ER16: 0 | ES16: 0 | ET16: 0 | EU16: 0 | EV16: 0 | EW16: 0 | EX16: 0 | EY16: 0 | EZ16: 0 | FA16: 0 | FB16: 0 | FC16: 0 | FD16: 0 | FE16: 0 | FF16: 0 | FG16: 0 | FH16: 0 | FI16: 0 | FJ16: 0 | FK16: 0 | FL16: 0
A17: 9 | B17: 2 | C17: 1101897 | D17: SkinLH | E17: 2915010 | F17: 1915012 | G17: 3915010 | H17: 1915011 | I17: 57.915 | J17: 2_101_0 | K17: CDR_Pivot_V161_rightdown_all | L17: SUBCASE 101 = STLN ULT (INTACT) :STLN ULT (INTACT) | M17: Simulation 1 | N17: 28852.61859534529 -167.8821762210271 3918.433981082009 | O17: -1087.15 | P17: -2631.61 | Q17: 1851.82 | R17: 34172.2 | S17: 28854.456133776413 -169.56765807719276 3877.557872951137 | T17: 28862.264459536942 -168.8934653347265 3886.0867299650317 | U17: 28870.07278529747 -168.21927259226024 3894.6155869789263 | V17: 28877.881111058003 -167.54507984979395 3903.144443992821 | W17: 28885.68943681853 -166.8708871073277 3911.6733010067155 | X17: 28893.49776257906 -166.19669436486143 3920.20215802061 | Y17: 28884.95442144608 -166.19669436486143 3928.023744259064 | Z17: 28876.411080313104 -166.19669436486143 3935.8453304975183 | AA17: 28867.867739180125 -166.19669436486143 3943.6669167359723 | AB17: 28859.32439804715 -166.19669436486143 3951.4885029744264 | AC17: 28850.78105691417 -166.19669436486143 3959.3100892128805 | AD17: 28842.97273115364 -166.8708871073277 3950.781232198986 | AE17: 28835.164405393112 -167.54507984979395 3942.2523751850913 | AF17: 28827.35607963258 -168.21927259226024 3933.7235181711967 | AG17: 28819.54775387205 -168.8934653347265 3925.194661157302 | AH17: 28811.739428111523 -169.56765807719276 3916.6658041434075 | AI17: 28820.282769244503 -169.56765807719276 3908.8442179049534 | AJ17: 28828.82611037748 -169.56765807719276 3901.0226316664994 | AK17: 28837.369451510458 -169.56765807719276 3893.2010454280453 | AL17: 28845.912792643434 -169.56765807719276 3885.379459189591 | AM17: 2025.72 | AN17: 2018.33 | AO17: 1990.67 | AP17: 1963.86 | AQ17: 1937.8 | AR17: 1908.34 | AS17: 1794.9 | AT17: 1696.08 | AU17: 1581.64 | AV17: 1461.1 | AW17: 1344.13 | AX17: 1349.15 | AY17: 1354.95 | AZ17: 1357.78 | BA17: 1355.21 | BB17: 1352.14 | BC17: 1470.94 | BD17: 1593.46 | BE17: 1726.86 | BF17: 1868.86 | BG17: -172.364 | BH17: -159.044 | BI17: -147.03 | BJ17: -138.602 | BK17: -134.316 | BL17: -128.335 | BM17: -146.93 | BN17: -171.03 | BO17: -191.185 | BP17: -214.377 | BQ17: -235.486 | BR17: -243.861 | BS17: -250.069 | BT17: -251.301 | BU17: -249.58 | BV17: -249.387 | BW17: -232.611 | BX17: -213.025 | BY17: -195.897 | BZ17: -182.498 | CA17: -334.417 | CB17: -336.26 | CC17: -333.756 | CD17: -335.305 | CE17: -343.063 | CF17: -357.103 | CG17: -384.87 | CH17: -411.71 | CI17: -427.087 | CJ17: -432.609 | CK17: -437.432 | CL17: -419.171 | CM17: -404.243 | CN17: -393.055 | CO17: -381.616 | CP17: -367.62 | CQ17: -366.216 | CR17: -360.927 | CS17: -352.213 | CT17: -343.085 | CU17: 518.344 | CV17: 666.702 | CW17: 342.564 | CX17: 150.229 | CY17: 337.775 | CZ17: 1047.5 | DA17: 1264.01 | DB17: 1615.65 | DC17: 1792.68 | DD17: 2133.85 | DE17: 2945.51 | DF17: 2531.47 | DG17: 2417.81 | DH17: 2473.55 | DI17: 2350.82 | DJ17: 1952.51 | DK17: 2015.03 | DL17: 1894.62 | DM17: 1604.59 | DN17: 1161.87 | DO17: -641.445 | DP17: -848.07 | DQ17: -797.247 | DR17: -619.993 | DS17: -532.162 | DT17: -481.925 | DU17: -253.882 | DV17: 168.6 | DW17: 956.157 | DX17: 1838.02 | DY17: 2265.99 | DZ17: 2215.15 | EA17: 2068.36 | EB17: 1866.56 | EC17: 1689.11 | ED17: 1531.6 | EE17: 1647.84 | EF17: 1553.32 | EG17: 871.4 | EH17: 10.7295 | EI17: 131.398 | EJ17: -195.882 | EK17: -326.654 | EL17: -203.71 | EM17: -30.0959 | EN17: 11.8708 | EO17: 93.7507 | EP17: -147.336 | EQ17: -532.565 | ER17: -513.404 | ES17: -287.195 | ET17: 26.1416 | EU17: 220.967 | EV17: 221.675 | EW17: 86.7713 | EX17: -11.3093 | EY17: 66.9731 | EZ17: 280.713 | FA17: 456.319 | FB17: 367.52 | FC17: 1631.03 | FD17: 1673 | FE17: -146.615 | FF17: -246.614 | FG17: -339.984 | FH17: -408.469 | FI17: -1662.18 | FJ17: -642.994 | FK17: 18.3037 | FL17: 0
A18: 10 | B18: 2 | C18: 1101897 | D18: SkinLH | E18: 2915010 | F18: 1915012 | G18: 3915010 | H18: 1915011 | I18: 57.915 | J18: 3_102_0 | K18: CDR_Pivot_V161_leftdown_all | L18: SUBCASE 102 = STLP ULT (INTACT) :STLP ULT (INTACT) | M18: Simulation 1 | N18: 28852.61859534529 -167.8821762210271 3918.433981082009 | O18: 2633.15 | P18: 3153.74 | Q18: -1763.74 | R18: 12578.8 | S18: 28854.456133776413 -169.56765807719276 3877.557872951137 | T18: 28862.264459536942 -168.8934653347265 3886.0867299650317 | U18: 28870.07278529747 -168.21927259226024 3894.6155869789263 | V18: 28877.881111058003 -167.54507984979395 3903.144443992821 | W18: 28885.68943681853 -166.8708871073277 3911.6733010067155 | X18: 28893.49776257906 -166.19669436486143 3920.20215802061 | Y18: 28884.95442144608 -166.19669436486143 3928.023744259064 | Z18: 28876.411080313104 -166.19669436486143 3935.8453304975183 | AA18: 28867.867739180125 -166.19669436486143 3943.6669167359723 | AB18: 28859.32439804715 -166.19669436486143 3951.4885029744264 | AC18: 28850.78105691417 -166.19669436486143 3959.3100892128805 | AD18: 28842.97273115364 -166.8708871073277 3950.781232198986 | AE18: 28835.164405393112 -167.54507984979395 3942.2523751850913 | AF18: 28827.35607963258 -168.21927259226024 3933.7235181711967 | AG18: 28819.54775387205 -168.8934653347265 3925.194661157302 | AH18: 28811.739428111523 -169.56765807719276 3916.6658041434075 | AI18: 28820.282769244503 -169.56765807719276 3908.8442179049534 | AJ18: 28828.82611037748 -169.56765807719276 3901.0226316664994 | AK18: 28837.369451510458 -169.56765807719276 3893.2010454280453 | AL18: 28845.912792643434 -169.56765807719276 3885.379459189591 | AM18: -2115.15 | AN18: -2122.75 | AO18: -2111.55 | AP18: -2103.83 | AQ18: -2100.78 | AR18: -2098.49 | AS18: -1951.83 | AT18: -1813.51 | AU18: -1651.91 | AV18: -1480.64 | AW18: -1320.03 | AX18: -1332.38 | AY18: -1345.01 | AZ18: -1352.48 | BA18: -1351.87 | BB18: -1349.66 | BC18: -1482.13 | BD18: -1618.91 | BE18: -1772.95 | BF18: -1939.02 | BG18: 229.235 | BH18: 223.573 | BI18: 218.759 | BJ18: 218.853 | BK18: 225.251 | BL18: 232.525 | BM18: 236.475 | BN18: 244.679 | BO18: 245.777 | BP18: 248.876 | BQ18: 252.771 | BR18: 263.29 | BS18: 272.057 | BT18: 274.599 | BU18: 272.082 | BV18: 269.709 | BW18: 259.992 | BX18: 246.577 | BY18: 237.247 | BZ18: 232.766 | CA18: 301.245 | CB18: 297.127 | CC18: 286.702 | CD18: 278.137 | CE18: 274.211 | CF18: 275.309 | CG18: 279.307 | CH18: 293.187 | CI18: 306.794 | CJ18: 315.885 | CK18: 326.703 | CL18: 323.311 | CM18: 322.457 | CN18: 324.372 | CO18: 324.275 | CP18: 319.123 | CQ18: 317.281 | CR18: 311.24 | CS18: 302.304 | CT18: 298.6 | CU18: -739.156 | CV18: -874.92 | CW18: -502.673 | CX18: -279.446 | CY18: -462.85 | CZ18: -1194.92 | DA18: -1416.6 | DB18: -1772.22 | DC18: -1923.04 | DD18: -2259.19 | DE18: -3096.77 | DF18: -2722.87 | DG18: -2660.19 | DH18: -2756.23 | DI18: -2637.02 | DJ18: -2213.41 | DK18: -2298.97 | DL18: -2184.31 | DM18: -1888.7 | DN18: -1423.94 | DO18: 386.087 | DP18: 598.91 | DQ18: 531.915 | DR18: 328.973 | DS18: 223.425 | DT18: 157.56 | DU18: -31.9828 | DV18: -448.635 | DW18: -1249.33 | DX18: -2114.74 | DY18: -2450.67 | DZ18: -2420.02 | EA18: -2284.38 | EB18: -2085.88 | EC18: -1908.2 | ED18: -1745.89 | EE18: -1944.09 | EF18: -1889.42 | EG18: -1177.59 | EH18: -278.106 | EI18: -86.6728 | EJ18: 270.623 | EK18: 411.067 | EL18: 273.138 | EM18: 83.9071 | EN18: 43.0372 | EO18: -23.228 | EP18: 258.277 | EQ18: 679.613 | ER18: 649.86 | ES18: 394.081 | ET18: 55.09 | EU18: -152.204 | EV18: -147.402 | EW18: 0.587095 | EX18: 103.86 | EY18: 14.6375 | EZ18: -231.655 | FA18: -430.316 | FB18: -335.65 | FC18: -1712.97 | FD18: -1719.4 | FE18: 224.699 | FF18: 267.418 | FG18: 285.455 | FH18: 323.373 | FI18: 1867.6 | FJ18: 889.014 | FK18: -95.2065 | FL18: 0
A19: 11 | B19: 2 | C19: 3102461 | D19: SpliceInbLH | E19: 3915010 | F19: 3915012 | G19: 4915010 | H19: 3915013 | I19: 51.48 | J19: 2_101_0 | K19: CDR_Pivot_V161_rightdown_all | L19: SUBCASE 101 = STLN ULT (INTACT) :STLN ULT (INTACT) | M19: Simulation 1 | N19: 28852.61859534529 -158.1810207933401 3918.433981082009 | O19: 22736.6 | P19: -11524.5 | Q19: -467.47 | R19: 34172.2 | S19: 28888.446187447833 -156.7918424016929 3924.7227828383166 | T19: 28882.548878840567 -157.34751375835177 3916.301346112076 | U19: 28876.651570233305 -157.90318511501067 3907.8799093858347 | V19: 28870.75426162604 -158.45885647166955 3899.4584726595936 | W19: 28864.856953018778 -159.01452782832845 3891.0370359333524 | X19: 28858.959644411512 -159.57019918498733 3882.6155992071117 | Y19: 28850.52591617776 -159.57019918498733 3888.5215152308297 | Z19: 28842.092187944007 -159.57019918498733 3894.4274312545476 | AA19: 28833.658459710256 -159.57019918498733 3900.333347278265 | AB19: 28825.2247314765 -159.57019918498733 3906.239263301983 | AC19: 28816.79100324275 -159.57019918498733 3912.145179325701 | AD19: 28822.688311850015 -159.01452782832845 3920.5666160519418 | AE19: 28828.585620457277 -158.45885647166955 3928.988052778183 | AF19: 28834.482929064543 -157.90318511501067 3937.409489504424 | AG19: 28840.380237671805 -157.34751375835177 3945.830926230665 | AH19: 28846.27754627907 -156.7918424016929 3954.252362956906 | AI19: 28854.71127451282 -156.7918424016929 3948.346446933188 | AJ19: 28863.145002746576 -156.7918424016929 3942.44053090947 | AK19: 28871.578730980327 -156.7918424016929 3936.5346148857525 | AL19: 28880.012459214082 -156.7918424016929 3930.6286988620345 | AM19: 0 | AN19: 0 | AO19: 0 | AP19: 0 | AQ19: 0 | AR19: 0 | AS19: 0 | AT19: 0 | AU19: 0 | AV19: 0 | AW19: 0 | AX19: 0 | AY19: 0 | AZ19: 0 | BA19: 0 | BB19: 0 | BC19: 0 | BD19: 0 | BE19: 0 | BF19: 0 | BG19: 0 | BH19: 0 | BI19: 0 | BJ19: 0 | BK19: 0 | BL19: 0 | BM19: 0 | BN19: 0 | BO19: 0 | BP19: 0 | BQ19: 0 | BR19: 0 | BS19: 0 | BT19: 0 | BU19: 0 | BV19: 0 | BW19: 0 | BX19: 0 | BY19: 0 | BZ19: 0 | CA19: 0 | CB19: 0 | CC19: 0 | CD19: 0 | CE19: 0 | CF19: 0 | CG19: 0 | CH19: 0 | CI19: 0 | CJ19: 0 | CK19: 0 | CL19: 0 | CM19: 0 | CN19: 0 | CO19: 0 | CP19: 0 | CQ19: 0 | CR19: 0 | CS19: 0 | CT19: 0 | CU19: 0 | CV19: 0 | CW19: 0 | CX19: 0 | CY19: 0 | CZ19: 0 | DA19: 0 | DB19: 0 | DC19: 0 | DD19: 0 | DE19: 0 | DF19: 0 | DG19: 0 | DH19: 0 | DI19: 0 | DJ19: 0 | DK19: 0 | DL19: 0 | DM19: 0 | DN19: 0 | DO19: 0 | DP19: 0 | DQ19: 0 | DR19: 0 | DS19: 0 | DT19: 0 | DU19: 0 | DV19: 0 | DW19: 0 | DX19: 0 | DY19: 0 | DZ19: 0 | EA19: 0 | EB19: 0 | EC19: 0 | ED19: 0 | EE19: 0 | EF19: 0 | EG19: 0 | EH19: 0 | EI19: 0 | EJ19: 0 | EK19: 0 | EL19: 0 | EM19: 0 | EN19: 0 | EO19: 0 | EP19: 0 | EQ19: 0 | ER19: 0 | ES19: 0 | ET19: 0 | EU19: 0 | EV19: 0 | EW19: 0 | EX19: 0 | EY19: 0 | EZ19: 0 | FA19: 0 | FB19: 0 | FC19: 0 | FD19: 0 | FE19: 0 | FF19: 0 | FG19: 0 | FH19: 0 | FI19: 0 | FJ19: 0 | FK19: 0 | FL19: 0
A20: 12 | B20: 2 | C20: 3102461 | D20: SpliceInbLH | E20: 3915010 | F20: 3915012 | G20: 4915010 | H20: 3915013 | I20: 51.48 | J20: 3_102_0 | K20: CDR_Pivot_V161_leftdown_all | L20: SUBCASE 102 = STLP ULT (INTACT) :STLP ULT (INTACT) | M20: Simulation 1 | N20: 28852.61859534529 -158.1810207933401 3918.433981082009 | O20: -21167.1 | P20: 13857.1 | Q20: 556.109 | R20: 12578.8 | S20: 28888.446187447833 -156.7918424016929 3924.7227828383166 | T20: 28882.548878840567 -157.34751375835177 3916.301346112076 | U20: 28876.651570233305 -157.90318511501067 3907.8799093858347 | V20: 28870.75426162604 -158.45885647166955 3899.4584726595936 | W20: 28864.856953018778 -159.01452782832845 3891.0370359333524 | X20: 28858.959644411512 -159.57019918498733 3882.6155992071117 | Y20: 28850.52591617776 -159.57019918498733 3888.5215152308297 | Z20: 28842.092187944007 -159.57019918498733 3894.4274312545476 | AA20: 28833.658459710256 -159.57019918498733 3900.333347278265 | AB20: 28825.2247314765 -159.57019918498733 3906.239263301983 | AC20: 28816.79100324275 -159.57019918498733 3912.145179325701 | AD20: 28822.688311850015 -159.01452782832845 3920.5666160519418 | AE20: 28828.585620457277 -158.45885647166955 3928.988052778183 | AF20: 28834.482929064543 -157.90318511501067 3937.409489504424 | AG20: 28840.380237671805 -157.34751375835177 3945.830926230665 | AH20: 28846.27754627907 -156.7918424016929 3954.252362956906 | AI20: 28854.71127451282 -156.7918424016929 3948.346446933188 | AJ20: 28863.145002746576 -156.7918424016929 3942.44053090947 | AK20: 28871.578730980327 -156.7918424016929 3936.5346148857525 | AL20: 28880.012459214082 -156.7918424016929 3930.6286988620345 | AM20: 0 | AN20: 0 | AO20: 0 | AP20: 0 | AQ20: 0 | AR20: 0 | AS20: 0 | AT20: 0 | AU20: 0 | AV20: 0 | AW20: 0 | AX20: 0 | AY20: 0 | AZ20: 0 | BA20: 0 | BB20: 0 | BC20: 0 | BD20: 0 | BE20: 0 | BF20: 0 | BG20: 0 | BH20: 0 | BI20: 0 | BJ20: 0 | BK20: 0 | BL20: 0 | BM20: 0 | BN20: 0 | BO20: 0 | BP20: 0 | BQ20: 0 | BR20: 0 | BS20: 0 | BT20: 0 | BU20: 0 | BV20: 0 | BW20: 0 | BX20: 0 | BY20: 0 | BZ20: 0 | CA20: 0 | CB20: 0 | CC20: 0 | CD20: 0 | CE20: 0 | CF20: 0 | CG20: 0 | CH20: 0 | CI20: 0 | CJ20: 0 | CK20: 0 | CL20: 0 | CM20: 0 | CN20: 0 | CO20: 0 | CP20: 0 | CQ20: 0 | CR20: 0 | CS20: 0 | CT20: 0 | CU20: 0 | CV20: 0 | CW20: 0 | CX20: 0 | CY20: 0 | CZ20: 0 | DA20: 0 | DB20: 0 | DC20: 0 | DD20: 0 | DE20: 0 | DF20: 0 | DG20: 0 | DH20: 0 | DI20: 0 | DJ20: 0 | DK20: 0 | DL20: 0 | DM20: 0 | DN20: 0 | DO20: 0 | DP20: 0 | DQ20: 0 | DR20: 0 | DS20: 0 | DT20: 0 | DU20: 0 | DV20: 0 | DW20: 0 | DX20: 0 | DY20: 0 | DZ20: 0 | EA20: 0 | EB20: 0 | EC20: 0 | ED20: 0 | EE20: 0 | EF20: 0 | EG20: 0 | EH20: 0 | EI20: 0 | EJ20: 0 | EK20: 0 | EL20: 0 | EM20: 0 | EN20: 0 | EO20: 0 | EP20: 0 | EQ20: 0 | ER20: 0 | ES20: 0 | ET20: 0 | EU20: 0 | EV20: 0 | EW20: 0 | EX20: 0 | EY20: 0 | EZ20: 0 | FA20: 0 | FB20: 0 | FC20: 0 | FD20: 0 | FE20: 0 | FF20: 0 | FG20: 0 | FH20: 0 | FI20: 0 | FJ20: 0 | FK20: 0 | FL20: 0
... A42: 34 | B42: 5 | C42: 4100254 | D42: RearSpar2 | E42: 4911010 | F42: 4911010 | G42: 0 | H42: 0 | I42: 57.915 | J42: 3_102_0 | K42: CDR_Pivot_V161_leftdown_all | L42: SUBCASE 102 = STLP ULT (INTACT) :STLP ULT (INTACT) | M42: Simulation 1 | N42: 28901.79903954942 -148.127 3972.3867144859933 | O42: -33342.2 | P42: 12142.1 | Q42: 2845.94 | R42: 20184 | S42: 28860.908177099216 -149.51095883006633 3970.6272718085615 | T42: 28868.725110526975 -148.9573752980398 3979.1569251461283 | U42: 28876.542043954734 -148.40379176601328 3987.6865784836955 | V42: 28884.35897738249 -147.85020823398673 3996.216231821262 | W42: 28892.17591081025 -147.2966247019602 4004.7458851588294 | X42: 28899.992844238008 -146.7430411699337 4013.275538496396 | Y42: 28908.53225579033 -146.7430411699337 4005.449662229802 | Z42: 28917.071667342654 -146.7430411699337 3997.623785963208 | AA42: 28925.611078894977 -146.7430411699337 3989.7979096966133 | AB42: 28934.1504904473 -146.7430411699337 3981.972033430019 | AC42: 28942.689901999624 -146.7430411699337 3974.146157163425 | AD42: 28934.872968571864 -147.2966247019602 3965.616503825858 | AE42: 28927.056035144105 -147.85020823398673 3957.086850488291 | AF42: 28919.23910171635 -148.40379176601328 3948.5571971507243 | AG42: 28911.42216828859 -148.9573752980398 3940.027543813157 | AH42: 28903.605234860832 -149.51095883006633 3931.4978904755903 | AI42: 28895.06582330851 -149.51095883006633 3939.3237667421845 | AJ42: 28886.526411756186 -149.51095883006633 3947.1496430087786 | AK42: 28877.987000203862 -149.51095883006633 3954.9755192753732 | AL42: 28869.44758865154 -149.51095883006633 3962.8013955419674 | AM42: -233.853 | AN42: -180.48 | AO42: -168.415 | AP42: -162.397 | AQ42: -115.565 | AR42: -58.0932 | AS42: -0.759476 | AT42: 45.7347 | AU42: 47.5674 | AV42: -10.8261 | AW42: -58.477 | AX42: -100.208 | AY42: -150.879 | AZ42: -191.033 | BA42: -259.271 | BB42: -334.335 | BC42: -318.542 | BD42: -274.104 | BE42: -239.177 | BF42: -228.958 | BG42: -23.5422 | BH42: -19.5148 | BI42: 5.04271 | BJ42: 23.4205 | BK42: -3.79152 | BL42: -86.7968 | BM42: -132.754 | BN42: -153.156 | BO42: -124.007 | BP42: -70.6665 | BQ42: -23.7027 | BR42: -25.8458 | BS42: -66.5068 | BT42: -126.764 | BU42: -113.002 | BV42: -55.2585 | BW42: -35.4067 | BX42: -14.5281 | BY42: -2.19362 | BZ42: -11.1358 | CA42: -33.1977 | CB42: -6.68137 | CC42: 2.84029 | CD42: -30.3948 | CE42: -106.318 | CF42: -134.517 | CG42: -91.0828 | CH42: -33.0344 | CI42: 42.3414 | CJ42: 63.0356 | CK42: 38.5572 | CL42: 76.3114 | CM42: 104.319 | CN42: 139.385 | CO42: 192.484 | CP42: 231.524 | CQ42: 213.084 | CR42: 128.512 | CS42: 44.8428 | CT42: -9.0929 | CU42: -213.045 | CV42: -224.038 | CW42: -177.619 | CX42: -70.036 | CY42: 62.955 | CZ42: 85.0054 | DA42: 10.886 | DB42: -63.6048 | DC42: -101.201 | DD42: -131.277 | DE42: -163.3 | DF42: -416.344 | DG42: -740.8 | DH42: -952.802 | DI42: -782.859 | DJ42: -510.299 | DK42: -395.305 | DL42: -269.343 | DM42: -179.49 | DN42: -180.423 | DO42: 6.83245 | DP42: -73.0472 | DQ42: -101.818 | DR42: -5.60607 | DS42: 197.881 | DT42: 185.569 | DU42: -12.2363 | DV42: -249.276 | DW42: -511.408 | DX42: -671.713 | DY42: -692.89 | DZ42: -825.542 | EA42: -929.792 | EB42: -947.85 | EC42: -902.277 | ED42: -827.176 | EE42: -715.878 | EF42: -488.645 | EG42: -263.864 | EH42: -99.7831 | EI42: 122.302 | EJ42: 42.1635 | EK42: 20.4315 | EL42: 33.6444 | EM42: 42.1254 | EN42: 44.2392 | EO42: -51.8074 | EP42: -135.117 | EQ42: -187.87 | ER42: -115.139 | ES42: -49.3875 | ET42: 25.7898 | EU42: 116.806 | EV42: 108.787 | EW42: 69.1472 | EX42: 49.2794 | EY42: 35.1675 | EZ42: 109.423 | FA42: 166.229 | FB42: 158.557 | FC42: -5.80895 | FD42: -271.495 | FE42: -17.5304 | FF42: -68.5134 | FG42: -19.1167 | FH42: 130.43 | FI42: 175.95 | FJ42: 409.643 | FK42: -32.1335 | FL42: 0
A43: 35 | B43: 6 | C43: 4100164 | D43: RearSpar2 | E43: 4916010 | F43: 4916010 | G43: 0 | H43: 0 | I43: 57.915 | J43: 2_101_0 | K43: CDR_Pivot_V161_rightdown_all | L43: SUBCASE 101 = STLN ULT (INTACT) :STLN ULT (INTACT) | M43: Simulation 1 | N43: 28910.19671926622 -146.897 3875.0115942784673 | O43: 34044 | P43: -8867.91 | Q43: -7692.11 | R43: 34305.2 | S43: 28869.29638238861 -147.9664086564381 3873.2530662224826 | T43: 28877.119162253206 -147.53864519386286 3881.7845973048957 | U43: 28884.9419421178 -147.1108817312876 3890.3161283873087 | V43: 28892.764721982396 -146.68311826871238 3898.847659469722 | W43: 28900.58750184699 -146.25535480613712 3907.3791905521352 | X43: 28908.410281711585 -145.8275913435619 3915.9107216345483 | Y43: 28916.947636598034 -145.8275913435619 3908.082601774529 | Z43: 28925.48499148448 -145.8275913435619 3900.2544819145096 | AA43: 28934.022346370934 -145.8275913435619 3892.4263620544907 | AB43: 28942.277248346312 -144.84386598146492 3884.8158160206995 | AC43: 28951.09705614383 -145.8275913435619 3876.770122334452 | AD43: 28943.274276279233 -146.25535480613712 3868.238591252039 | AE43: 28935.45149641464 -146.68311826871238 3859.707060169626 | AF43: 28927.628716550043 -147.1108817312876 3851.1755290872125 | AG43: 28919.80593668545 -147.53864519386286 3842.6439980047994 | AH43: 28911.983156820854 -147.9664086564381 3834.1124669223864 | AI43: 28903.043483942558 -146.79669175279253 3842.2631378076658 | AJ43: 28894.908447047957 -147.9664086564381 3849.768706642425 | AK43: 28886.371092161506 -147.9664086564381 3857.596826502444 | AL43: 28877.833737275058 -147.9664086564381 3865.4249463624633 | AM43: 610.83 | AN43: 583.646 | AO43: 557.765 | AP43: 510.761 | AQ43: 444.065 | AR43: 364.186 | AS43: 331.75 | AT43: 313.691 | AU43: 310.749 | AV43: 320.916 | AW43: 334.422 | AX43: 389.135 | AY43: 452.341 | AZ43: 506.955 | BA43: 558.998 | BB43: 623.843 | BC43: 583.725 | BD43: 566.545 | BE43: 575.362 | BF43: 594.49 | BG43: 86.4318 | BH43: 63.7244 | BI43: -7.46849 | BJ43: -67.1921 | BK43: -76.3384 | BL43: -24.8867 | BM43: -15.8087 | BN43: -13.4484 | BO43: -38.7649 | BP43: -99.4518 | BQ43: -139.825 | BR43: -99.7362 | BS43: -11.8275 | BT43: 83.2994 | BU43: 60.0896 | BV43: -16.4889 | BW43: -46.7746 | BX43: -53.3446 | BY43: -10.1764 | BZ43: 51.3193 | CA43: -232.85 | CB43: -230.665 | CC43: -234.89 | CD43: -210.548 | CE43: -182.176 | CF43: -158.379 | CG43: -151.124 | CH43: -217.847 | CI43: -311.66 | CJ43: -392.66 | CK43: -419.279 | CL43: -351.841 | CM43: -318.29 | CN43: -337.343 | CO43: -472.711 | CP43: -511.036 | CQ43: -449.14 | CR43: -371.99 | CS43: -303.768 | CT43: -251.262 | CU43: 183.474 | CV43: 412.21 | CW43: 323.952 | CX43: 110.936 | CY43: 6.51914 | CZ43: 100.123 | DA43: -11.0281 | DB43: -125.085 | DC43: -278.441 | DD43: -493.236 | DE43: -622.671 | DF43: -429.026 | DG43: -292.598 | DH43: -268.361 | DI43: -346.372 | DJ43: -331.195 | DK43: -301.429 | DL43: -209.508 | DM43: -66.3157 | DN43: 86.6006 | DO43: 23.581 | DP43: 229.61 | DQ43: 341.276 | DR43: 376.193 | DS43: 422.962 | DT43: 515.278 | DU43: 351.109 | DV43: 115.843 | DW43: -210.433 | DX43: -625.891 | DY43: -867.804 | DZ43: -689.278 | EA43: -719.864 | EB43: -928.886 | EC43: -916.493 | ED43: -659.749 | EE43: -427.363 | EF43: -136.198 | EG43: -12.2894 | EH43: 6.73911 | EI43: -79.8828 | EJ43: 36.2685 | EK43: 150.899 | EL43: 150.508 | EM43: 57.222 | EN43: -100.915 | EO43: -10.9887 | EP43: 174.111 | EQ43: 330.605 | ER43: 377.317 | ES43: 311.802 | ET43: 20.0416 | EU43: -90.2419 | EV43: 26.5694 | EW43: 403.83 | EX43: 454.364 | EY43: 457.621 | EZ43: 343.28 | FA43: 171.601 | FB43: -6.11387 | FC43: 329.286 | FD43: 592.466 | FE43: -4.28823 | FF43: -20.7481 | FG43: -208.251 | FH43: -401.75 | FI43: 172.393 | FJ43: 239.431 | FK43: -156.803 | FL43: 0 | FM43: Pt10 17 modified
A44: 36 | B44: 6 | C44: 4100164 | D44: RearSpar2 | E44: 4916010 | F44: 4916010 | G44: 0 | H44: 0 | I44: 57.915 | J44: 3_102_0 | K44: CDR_Pivot_V161_leftdown_all | L44: SUBCASE 102 = STLP ULT (INTACT) :STLP ULT (INTACT) | M44: Simulation 1 | N44: 28910.19671926622 -146.897 3875.0115942784673 | O44: -33377.3 | P44: 9260.79 | Q44: 7587.23 | R44: 14200.5 | S44: 28869.29638238861 -147.9664086564381 3873.2530662224826 | T44: 28877.119162253206 -147.53864519386286 3881.7845973048957 | U44: 28884.9419421178 -147.1108817312876 3890.3161283873087 | V44: 28892.764721982396 -146.68311826871238 3898.847659469722 | W44: 28900.58750184699 -146.25535480613712 3907.3791905521352 | X44: 28908.410281711585 -145.8275913435619 3915.9107216345483 | Y44: 28916.947636598034 -145.8275913435619 3908.082601774529 | Z44: 28925.48499148448 -145.8275913435619 3900.2544819145096 | AA44: 28934.022346370934 -145.8275913435619 3892.4263620544907 | AB44: 28942.277248346312 -144.84386598146492 3884.8158160206995 | AC44: 28951.09705614383 -145.8275913435619 3876.770122334452 | AD44: 28943.274276279233 -146.25535480613712 3868.238591252039 | AE44: 28935.45149641464 -146.68311826871238 3859.707060169626 | AF44: 28927.628716550043 -147.1108817312876 3851.1755290872125 | AG44: 28919.80593668545 -147.53864519386286 3842.6439980047994 | AH44: 28911.983156820854 -147.9664086564381 3834.1124669223864 | AI44: 28903.043483942558 -146.79669175279253 3842.2631378076658 | AJ44: 28894.908447047957 -147.9664086564381 3849.768706642425 | AK44: 28886.371092161506 -147.9664086564381 3857.596826502444 | AL44: 28877.833737275058 -147.9664086564381 3865.4249463624633 | AM44: -595.732 | AN44: -570.951 | AO44: -547.594 | AP44: -502.316 | AQ44: -436.926 | AR44: -358.012 | AS44: -325.193 | AT44: -306.163 | AU44: -301.537 | AV44: -309.509 | AW44: -321.773 | AX44: -372.911 | AY44: -434.392 | AZ44: -489.225 | BA44: -542.047 | BB44: -606.525 | BC44: -567.05 | BD44: -549.444 | BE44: -557.663 | BF44: -577.174 | BG44: -88.0443 | BH44: -63.3199 | BI44: 9.23728 | BJ44: 69.4898 | BK44: 79.1152 | BL44: 28.386 | BM44: 20.0711 | BN44: 18.9123 | BO44: 44.95 | BP44: 105.174 | BQ44: 144.414 | BR44: 106.034 | BS44: 18.0904 | BT44: -78.9278 | BU44: -58.3833 | BV44: 17.3392 | BW44: 46.916 | BX44: 51.9699 | BY44: 7.91712 | BZ44: -53.6297 | CA44: 242.39 | CB44: 239.27 | CC44: 241.038 | CD44: 214.463 | CE44: 184.476 | CF44: 159.799 | CG44: 152.373 | CH44: 218.125 | CI44: 311.16 | CJ44: 392.324 | CK44: 419.851 | CL44: 351.578 | CM44: 318.821 | CN44: 340.466 | CO44: 479.95 | CP44: 520.814 | CQ44: 458.599 | CR44: 381.537 | CS44: 313.679 | CT44: 261.324 | CU44: -200.46 | CV44: -434.101 | CW44: -341.112 | CX44: -118.875 | CY44: -9.36834 | CZ44: -105.462 | DA44: 4.21744 | DB44: 114.893 | DC44: 265.807 | DD44: 481.16 | DE44: 612.825 | DF44: 421.274 | DG44: 280.346 | DH44: 249.205 | DI44: 328.924 | DJ44: 318.337 | DK44: 290.359 | DL44: 200.327 | DM44: 54.8936 | DN44: -101.746 | DO44: -49.9529 | DP44: -258.93 | DQ44: -370.976 | DR44: -405.514 | DS44: -451.73 | DT44: -544.275 | DU44: -384.852 | DV44: -152.516 | DW44: 171.985 | DX44: 586.932 | DY44: 831.823 | DZ44: 650.481 | EA44: 679.654 | EB44: 891.856 | EC44: 892.366 | ED44: 640.425 | EE44: 404.254 | EF44: 109.382 | EG44: -17.0657 | EH44: -35.9829 | EI44: 98.3407 | EJ44: -23.3942 | EK44: -145.98 | EL44: -144.523 | EM44: -43.5323 | EN44: 126.653 | EO44: 36.828 | EP44: -156.654 | EQ44: -325.598 | ER44: -384.458 | ES44: -322.538 | ET44: -21.1908 | EU44: 98.9774 | EV44: -11.1842 | EW44: -397.384 | EX44: -455.259 | EY44: -460.06 | EZ44: -342.539 | FA44: -163.888 | FB44: 21.2988 | FC44: -320.365 | FD44: -575.598 | FE44: 5.81066 | FF44: 24.7611 | FG44: 213.573 | FH44: 405.247 | FI44: -161.263 | FJ44: -208.769 | FK44: 148.704 | FL44: 0 | FM44: Pt10 17 modified
A45: 37 | B45: 6 | C45: 3102613 | D45: SpliceInbLH | E45: 4916010 | F45: 3916013 | G45: 3916010 | H45: 3916012 | I45: 51.48 | J45: 2_101_0 | K45: CDR_Pivot_V161_rightdown_all | L45: SUBCASE 101 = STLN ULT (INTACT) :STLN ULT (INTACT) | M45: Simulation 1 | N45: 28910.19671926622 -152.5984240114717 3875.0115942784673 | O45: 28869.6 | P45: -2216.55 | Q45: 368.389 | R45: 34305.2 | S45: 28944.62220421529 -152.31646669770896 3886.839598594263 | T45: 28940.103121184922 -152.42924962321405 3877.5890426879214 | U45: 28935.584038154553 -152.54203254871916 3868.3384867815803 | V45: 28931.064955124184 -152.65481547422425 3859.087930875239 | W45: 28926.545872093815 -152.76759839972937 3849.837374968898 | X45: 28922.026789063446 -152.88038132523445 3840.5868190625565 | Y45: 28912.775678114187 -152.88038132523445 3845.1061732425796 | Z45: 28903.524567164928 -152.88038132523445 3849.6255274226028 | AA45: 28894.273456215666 -152.88038132523445 3854.1448816026254 | AB45: 28885.022345266407 -152.88038132523445 3858.6642357826486 | AC45: 28875.771234317148 -152.88038132523445 3863.1835899626717 | AD45: 28880.290317347517 -152.76759839972937 3872.4341458690133 | AE45: 28884.809400377886 -152.65481547422425 3881.6847017753544 | AF45: 28889.328483408255 -152.54203254871916 3890.9352576816955 | AG45: 28893.847566438624 -152.42924962321405 3900.1858135880366 | AH45: 28898.366649468993 -152.31646669770896 3909.436369494378 | AI45: 28907.617760418252 -152.31646669770896 3904.917015314355 | AJ45: 28916.86887136751 -152.31646669770896 3900.397661134332 | AK45: 28926.119982316774 -152.31646669770896 3895.878306954309 | AL45: 28935.371093266032 -152.31646669770896 3891.358952774286 | AM45: 0 | AN45: 0 | AO45: 0 | AP45: 0 | AQ45: 0 | AR45: 0 | AS45: 0 | AT45: 0 | AU45: 0 | AV45: 0 | AW45: 0 | AX45: 0 | AY45: 0 | AZ45: 0 | BA45: 0 | BB45: 0 | BC45: 0 | BD45: 0 | BE45: 0 | BF45: 0 | BG45: 0 | BH45: 0 | BI45: 0 | BJ45: 0 | BK45: 0 | BL45: 0 | BM45: 0 | BN45: 0 | BO45: 0 | BP45: 0 | BQ45: 0 | BR45: 0 | BS45: 0 | BT45: 0 | BU45: 0 | BV45: 0 | BW45: 0 | BX45: 0 | BY45: 0 | BZ45: 0 | CA45: 0 | CB45: 0 | CC45: 0 | CD45: 0 | CE45: 0 | CF45: 0 | CG45: 0 | CH45: 0 | CI45: 0 | CJ45: 0 | CK45: 0 | CL45: 0 | CM45: 0 | CN45: 0 | CO45: 0 | CP45: 0 | CQ45: 0 | CR45: 0 | CS45: 0 | CT45: 0 | CU45: 0 | CV45: 0 | CW45: 0 | CX45: 0 | CY45: 0 | CZ45: 0 | DA45: 0 | DB45: 0 | DC45: 0 | DD45: 0 | DE45: 0 | DF45: 0 | DG45: 0 | DH45: 0 | DI45: 0 | DJ45: 0 | DK45: 0 | DL45: 0 | DM45: 0 | DN45: 0 | DO45: 0 | DP45: 0 | DQ45: 0 | DR45: 0 | DS45: 0 | DT45: 0 | DU45: 0 | DV45: 0 | DW45: 0 | DX45: 0 | DY45: 0 | DZ45: 0 | EA45: 0 | EB45: 0 | EC45: 0 | ED45: 0 | EE45: 0 | EF45: 0 | EG45: 0 | EH45: 0 | EI45: 0 | EJ45: 0 | EK45: 0 | EL45: 0 | EM45: 0 | EN45: 0 | EO45: 0 | EP45: 0 | EQ45: 0 | ER45: 0 | ES45: 0 | ET45: 0 | EU45: 0 | EV45: 0 | EW45: 0 | EX45: 0 | EY45: 0 | EZ45: 0 | FA45: 0 | FB45: 0 | FC45: 0 | FD45: 0 | FE45: 0 | FF45: 0 | FG45: 0 | FH45: 0 | FI45: 0 | FJ45: 0 | FK45: 0 | FL45: 0
A46: 38 | B46: 6 | C46: 3102613 | D46: SpliceInbLH | E46: 4916010 | F46: 3916013 | G46: 3916010 | H46: 3916012 | I46: 51.48 | J46: 3_102_0 | K46: CDR_Pivot_V161_leftdown_all | L46: SUBCASE 102 = STLP ULT (INTACT) :STLP ULT (INTACT) | M46: Simulation 1 | N46: 28910.19671926622 -152.5984240114717 3875.0115942784673 | O46: -26758.4 | P46: 4247.03 | Q46: -417.541 | R46: 14200.5 | S46: 28944.62220421529 -152.31646669770896 3886.839598594263 | T46: 28940.103121184922 -152.42924962321405 3877.5890426879214 | U46: 28935.584038154553 -152.54203254871916 3868.3384867815803 | V46: 28931.064955124184 -152.65481547422425 3859.087930875239 | W46: 28926.545872093815 -152.76759839972937 3849.837374968898 | X46: 28922.026789063446 -152.88038132523445 3840.5868190625565 | Y46: 28912.775678114187 -152.88038132523445 3845.1061732425796 | Z46: 28903.524567164928 -152.88038132523445 3849.6255274226028 | AA46: 28894.273456215666 -152.88038132523445 3854.1448816026254 | AB46: 28885.022345266407 -152.88038132523445 3858.6642357826486 | AC46: 28875.771234317148 -152.88038132523445 3863.1835899626717 | AD46: 28880.290317347517 -152.76759839972937 3872.4341458690133 | AE46: 28884.809400377886 -152.65481547422425 3881.6847017753544 | AF46: 28889.328483408255 -152.54203254871916 3890.9352576816955 | AG46: 28893.847566438624 -152.42924962321405 3900.1858135880366 | AH46: 28898.366649468993 -152.31646669770896 3909.436369494378 | AI46: 28907.617760418252 -152.31646669770896 3904.917015314355 | AJ46: 28916.86887136751 -152.31646669770896 3900.397661134332 | AK46: 28926.119982316774 -152.31646669770896 3895.878306954309 | AL46: 28935.371093266032 -152.31646669770896 3891.358952774286 | AM46: 0 | AN46: 0 | AO46: 0 | AP46: 0 | AQ46: 0 | AR46: 0 | AS46: 0 | AT46: 0 | AU46: 0 | AV46: 0 | AW46: 0 | AX46: 0 | AY46: 0 | AZ46: 0 | BA46: 0 | BB46: 0 | BC46: 0 | BD46: 0 | BE46: 0 | BF46: 0 | BG46: 0 | BH46: 0 | BI46: 0 | BJ46: 0 | BK46: 0 | BL46: 0 | BM46: 0 | BN46: 0 | BO46: 0 | BP46: 0 | BQ46: 0 | BR46: 0 | BS46: 0 | BT46: 0 | BU46: 0 | BV46: 0 | BW46: 0 | BX46: 0 | BY46: 0 | BZ46: 0 | CA46: 0 | CB46: 0 | CC46: 0 | CD46: 0 | CE46: 0 | CF46: 0 | CG46: 0 | CH46: 0 | CI46: 0 | CJ46: 0 | CK46: 0 | CL46: 0 | CM46: 0 | CN46: 0 | CO46: 0 | CP46: 0 | CQ46: 0 | CR46: 0 | CS46: 0 | CT46: 0 | CU46: 0 | CV46: 0 | CW46: 0 | CX46: 0 | CY46: 0 | CZ46: 0 | DA46: 0 | DB46: 0 | DC46: 0 | DD46: 0 | DE46: 0 | DF46: 0 | DG46: 0 | DH46: 0 | DI46: 0 | DJ46: 0 | DK46: 0 | DL46: 0 | DM46: 0 | DN46: 0 | DO46: 0 | DP46: 0 | DQ46: 0 | DR46: 0 | DS46: 0 | DT46: 0 | DU46: 0 | DV46: 0 | DW46: 0 | DX46: 0 | DY46: 0 | DZ46: 0 | EA46: 0 | EB46: 0 | EC46: 0 | ED46: 0 | EE46: 0 | EF46: 0 | EG46: 0 | EH46: 0 | EI46: 0 | EJ46: 0 | EK46: 0 | EL46: 0 | EM46: 0 | EN46: 0 | EO46: 0 | EP46: 0 | EQ46: 0 | ER46: 0 | ES46: 0 | ET46: 0 | EU46: 0 | EV46: 0 | EW46: 0 | EX46: 0 | EY46: 0 | EZ46: 0 | FA46: 0 | FB46: 0 | FC46: 0 | FD46: 0 | FE46: 0 | FF46: 0 | FG46: 0 | FH46: 0 | FI46: 0 | FJ46: 0 | FK46: 0 | FL46: 0
A47: 39 | B47: 6 | C47: 1101874 | D47: SkinLH | E47: 3916010 | F47: 1916011 | G47: 2916010 | H47: 1916012 | I47: 57.915 | J47: 2_101_0 | K47: CDR_Pivot_V161_rightdown_all | L47: SUBCASE 101 = STLN ULT (INTACT) :STLN ULT (INTACT) | M47: Simulation 1 | N47: 28910.19671926622 -162.77520246861 3875.0115942784673 | O47: 6731.33 | P47: 2719.45 | Q47: 6608.51 | R47: 34305.2 | S47: 28869.29389874763 -163.6884414555797 3873.2230527841657 | T47: 28877.112684394033 -163.3231458607918 3881.761146198039 | U47: 28884.931470040436 -162.95785026600393 3890.2992396119125 | V47: 28892.750255686842 -162.59255467121605 3898.8373330257864 | W47: 28900.569041333245 -162.22725907642817 3907.37542643966 | X47: 28908.387826979648 -161.8619634816403 3915.913519853533 | Y47: 28916.93016954068 -161.8619634816403 3908.0908430373806 | Z47: 28925.47251210171 -161.8619634816403 3900.2681662212276 | AA47: 28934.014854662746 -161.8619634816403 3892.4454894050746 | AB47: 28942.557197223778 -161.8619634816403 3884.6228125889215 | AC47: 28951.09953978481 -161.8619634816403 3876.800135772769 | AD47: 28943.280754138406 -162.22725907642817 3868.2620423588955 | AE47: 28935.461968492004 -162.59255467121605 3859.723948945022 | AF47: 28927.643182845597 -162.95785026600393 3851.1858555311483 | AG47: 28919.824397199194 -163.3231458607918 3842.647762117275 | AH47: 28912.00561155279 -163.6884414555797 3834.1096687034014 | AI47: 28903.46326899176 -163.6884414555797 3841.932345519554 | AJ47: 28894.92092643073 -163.6884414555797 3849.755022335707 | AK47: 28886.378583869693 -163.6884414555797 3857.57769915186 | AL47: 28877.83624130866 -163.6884414555797 3865.400375968013 | AM47: 2254.56 | AN47: 2195.31 | AO47: 2138.14 | AP47: 2095.54 | AQ47: 2058.03 | AR47: 2021.3 | AS47: 2113.8 | AT47: 2191.95 | AU47: 2245.45 | AV47: 2370.97 | AW47: 2468.21 | AX47: 2509.46 | AY47: 2544.59 | AZ47: 2573.19 | BA47: 2592.62 | BB47: 2607.81 | BC47: 2542.5 | BD47: 2531.03 | BE47: 2514.07 | BF47: 2421.21 | BG47: -171.59 | BH47: -150.297 | BI47: -132.949 | BJ47: -123.398 | BK47: -115.039 | BL47: -103.302 | BM47: -91.9468 | BN47: -78.9465 | BO47: -72.1298 | BP47: -71.9159 | BQ47: -65.6326 | BR47: -78.9381 | BS47: -86.6203 | BT47: -87.7935 | BU47: -89.6015 | BV47: -98.6644 | BW47: -107.946 | BX47: -132.463 | BY47: -167.845 | BZ47: -180.958 | CA47: -285.679 | CB47: -278.009 | CC47: -287.135 | CD47: -299.181 | CE47: -309.846 | CF47: -318.737 | CG47: -280.924 | CH47: -261.84 | CI47: -258.272 | CJ47: -242.521 | CK47: -201.597 | CL47: -190.573 | CM47: -170.644 | CN47: -146.303 | CO47: -129.724 | CP47: -120.763 | CQ47: -132.568 | CR47: -136.413 | CS47: -154.641 | CT47: -213.995 | CU47: 134.304 | CV47: 336.144 | CW47: 297.92 | CX47: 308.938 | CY47: 523.187 | CZ47: 948.104 | DA47: 474.509 | DB47: 318.425 | DC47: 147.022 | DD47: -87.4502 | DE47: -64.4416 | DF47: -634.494 | DG47: -931.13 | DH47: -895.951 | DI47: -706.563 | DJ47: -606.933 | DK47: -408.247 | DL47: -230.752 | DM47: -157.42 | DN47: -29.7716 | DO47: -1262.14 | DP47: -1175.38 | DQ47: -1051.09 | DR47: -913.705 | DS47: -847.696 | DT47: -869.183 | DU47: -1447.72 | DV47: -2205.56 | DW47: -2678.51 | DX47: -2629.5 | DY47: -2223.03 | DZ47: -2208.49 | EA47: -2206.32 | EB47: -2191.06 | EC47: -2131.25 | ED47: -1996.36 | EE47: -2155.66 | EF47: -2035.06 | EG47: -1787.69 | EH47: -1559.32 | EI47: -164.434 | EJ47: -119.969 | EK47: -26.3209 | EL47: 9.71057 | EM47: -81.0755 | EN47: -274.524 | EO47: -472.107 | EP47: -504.967 | EQ47: -318.284 | ER47: -268.528 | ES47: -401.515 | ET47: -390.145 | EU47: -462.201 | EV47: -545.241 | EW47: -508.925 | EX47: -396.064 | EY47: -150.137 | EZ47: 122.898 | FA47: 101.792 | FB47: -76.3266 | FC47: 2235.28 | FD47: 2478.53 | FE47: -84.5417 | FF47: -132.763 | FG47: -159.934 | FH47: -296.431 | FI47: -36.4457 | FJ47: 1589.64 | FK47: 256.788 | FL47: 0
A48: 40 | B48: 6 | C48: 1101874 | D48: SkinLH | E48: 3916010 | F48: 1916011 | G48: 2916010 | H48: 1916012 | I48: 57.915 | J48: 3_102_0 | K48: CDR_Pivot_V161_leftdown_all | L48: SUBCASE 102 = STLP ULT (INTACT) :STLP ULT (INTACT) | M48: Simulation 1 | N48: 28910.19671926622 -162.77520246861 3875.0115942784673 | O48: -5219.6 | P48: -2605.86 | Q48: -6321.56 | R48: 14200.5 | S48: 28869.29389874763 -163.6884414555797 3873.2230527841657 | T48: 28877.112684394033 -163.3231458607918 3881.761146198039 | U48: 28884.931470040436 -162.95785026600393 3890.2992396119125 | V48: 28892.750255686842 -162.59255467121605 3898.8373330257864 | W48: 28900.569041333245 -162.22725907642817 3907.37542643966 | X48: 28908.387826979648 -161.8619634816403 3915.913519853533 | Y48: 28916.93016954068 -161.8619634816403 3908.0908430373806 | Z48: 28925.47251210171 -161.8619634816403 3900.2681662212276 | AA48: 28934.014854662746 -161.8619634816403 3892.4454894050746 | AB48: 28942.557197223778 -161.8619634816403 3884.6228125889215 | AC48: 28951.09953978481 -161.8619634816403 3876.800135772769 | AD48: 28943.280754138406 -162.22725907642817 3868.2620423588955 | AE48: 28935.461968492004 -162.59255467121605 3859.723948945022 | AF48: 28927.643182845597 -162.95785026600393 3851.1858555311483 | AG48: 28919.824397199194 -163.3231458607918 3842.647762117275 | AH48: 28912.00561155279 -163.6884414555797 3834.1096687034014 | AI48: 28903.46326899176 -163.6884414555797 3841.932345519554 | AJ48: 28894.92092643073 -163.6884414555797 3849.755022335707 | AK48: 28886.378583869693 -163.6884414555797 3857.57769915186 | AL48: 28877.83624130866 -163.6884414555797 3865.400375968013 | AM48: -2368.43 | AN48: -2326.98 | AO48: -2290.44 | AP48: -2272.16 | AQ48: -2264.24 | AR48: -2261.86 | AS48: -2366.57 | AT48: -2443.23 | AU48: -2478.17 | AV48: -2574.15 | AW48: -2630.36 | AX48: -2649.54 | AY48: -2667.09 | AZ48: -2680.49 | BA48: -2686.75 | BB48: -2690.32 | BC48: -2637.85 | BD48: -2633.48 | BE48: -2624.12 | BF48: -2537.28 | BG48: 238.962 | BH48: 227.516 | BI48: 220.034 | BJ48: 221.476 | BK48: 226.432 | BL48: 230.23 | BM48: 225.077 | BN48: 213.351 | BO48: 200.1 | BP48: 190.389 | BQ48: 170.149 | BR48: 168.74 | BS48: 164.815 | BT48: 156.333 | BU48: 149.178 | BV48: 149.475 | BW48: 165.488 | BX48: 193.934 | BY48: 233.18 | BZ48: 249.341 | CA48: 267.622 | CB48: 256.014 | CC48: 258.667 | CD48: 264.071 | CE48: 268.229 | CF48: 270.981 | CG48: 269.701 | CH48: 282.192 | CI48: 303.312 | CJ48: 313.411 | CK48: 298.098 | CL48: 272.74 | CM48: 240.346 | CN48: 205.364 | CO48: 179.059 | CP48: 161.639 | CQ48: 161.25 | CR48: 153.412 | CS48: 162.55 | CT48: 210.717 | CU48: -320.319 | CV48: -533.325 | CW48: -486.67 | CX48: -478.265 | CY48: -669.635 | CZ48: -1071.11 | DA48: -561.211 | DB48: -389.868 | DC48: -207.706 | DD48: 45.2119 | DE48: 34.0041 | DF48: 579.632 | DG48: 854.376 | DH48: 798.029 | DI48: 594.78 | DJ48: 496.147 | DK48: 272.783 | DL48: 73.7583 | DM48: -7.9232 | DN48: -145.281 | DO48: 991.538 | DP48: 880.953 | DQ48: 734.003 | DR48: 571.377 | DS48: 482.818 | DT48: 486.501 | DU48: 1049.86 | DV48: 1833.16 | DW48: 2374.52 | DX48: 2391.58 | DY48: 2027.67 | DZ48: 2022.5 | EA48: 2033.15 | EB48: 2032.52 | EC48: 1985.95 | ED48: 1860.78 | EE48: 1989.12 | EF48: 1817.33 | EG48: 1526.58 | EH48: 1284.31 | EI48: 216.066 | EJ48: 170.999 | EK48: 66.4723 | EL48: 20.3327 | EM48: 114.383 | EN48: 325.985 | EO48: 506.743 | EP48: 513.503 | EQ48: 288.225 | ER48: 204.993 | ES48: 321.608 | ET48: 315.094 | EU48: 395.728 | EV48: 485.368 | EW48: 448.28 | EX48: 330.072 | EY48: 85.8405 | EZ48: -178.809 | FA48: -122.49 | FB48: 98.9257 | FC48: -2459.06 | FD48: -2581.91 | FE48: 159.782 | FF48: 227.442 | FG48: 186.198 | FH48: 289.616 | FI48: 148.46 | FJ48: -1342.48 | FK48: -241.71 | FL48: 0
A49: 41 | B49: 6 | C49: 2101331 | D49: SpliceOutbLH | E49: 2916010 | F49: 2916010 | G49: 0 | H49: 0 | I49: 51.48 | J49: 2_101_0 | K49: CDR_Pivot_V161_rightdown_all | L49: SUBCASE 101 = STLN ULT (INTACT) :STLN ULT (INTACT) | M49: Simulation 1 | N49: 28910.19671926622 -172.27526482391312 3875.0115942784673 | O49: -13940.3 | P49: 3339.51 | Q49: -305.343 | R49: 34305.2 | S49: 28910.100754017814 -172.9846693977033 3838.6167768476603 | T49: 28917.39890273625 -172.70090756818723 3845.8737817744677 | U49: 28924.697051454685 -172.41714573867117 3853.130786701275 | V49: 28931.99520017312 -172.13338390915507 3860.387791628082 | W49: 28939.293348891555 -171.849622079639 3867.6447965548896 | X49: 28946.591497609992 -171.56586025012294 3874.901801481697 | Y49: 28939.33173499092 -171.56586025012294 3882.2027235272126 | Z49: 28932.071972371847 -171.56586025012294 3889.503645572728 | AA49: 28924.81220975277 -171.56586025012294 3896.8045676182433 | AB49: 28917.552447133698 -171.56586025012294 3904.105489663759 | AC49: 28910.292684514625 -171.56586025012294 3911.4064117092744 | AD49: 28902.994535796188 -171.849622079639 3904.149406782467 | AE49: 28895.696387077754 -172.13338390915507 3896.8924018556595 | AF49: 28888.398238359317 -172.41714573867117 3889.6353969288525 | AG49: 28881.100089640884 -172.70090756818723 3882.378392002045 | AH49: 28873.801940922447 -172.9846693977033 3875.1213870752376 | AI49: 28881.06170354152 -172.9846693977033 3867.820465029722 | AJ49: 28888.321466160593 -172.9846693977033 3860.5195429842065 | AK49: 28895.58122877967 -172.9846693977033 3853.2186209386914 | AL49: 28902.84099139874 -172.9846693977033 3845.917698893176 | AM49: 0 | AN49: 0 | AO49: 0 | AP49: 0 | AQ49: 0 | AR49: 0 | AS49: 0 | AT49: 0 | AU49: 0 | AV49: 0 | AW49: 0 | AX49: 0 | AY49: 0 | AZ49: 0 | BA49: 0 | BB49: 0 | BC49: 0 | BD49: 0 | BE49: 0 | BF49: 0 | BG49: 0 | BH49: 0 | BI49: 0 | BJ49: 0 | BK49: 0 | BL49: 0 | BM49: 0 | BN49: 0 | BO49: 0 | BP49: 0 | BQ49: 0 | BR49: 0 | BS49: 0 | BT49: 0 | BU49: 0 | BV49: 0 | BW49: 0 | BX49: 0 | BY49: 0 | BZ49: 0 | CA49: 0 | CB49: 0 | CC49: 0 | CD49: 0 | CE49: 0 | CF49: 0 | CG49: 0 | CH49: 0 | CI49: 0 | CJ49: 0 | CK49: 0 | CL49: 0 | CM49: 0 | CN49: 0 | CO49: 0 | CP49: 0 | CQ49: 0 | CR49: 0 | CS49: 0 | CT49: 0 | CU49: 0 | CV49: 0 | CW49: 0 | CX49: 0 | CY49: 0 | CZ49: 0 | DA49: 0 | DB49: 0 | DC49: 0 | DD49: 0 | DE49: 0 | DF49: 0 | DG49: 0 | DH49: 0 | DI49: 0 | DJ49: 0 | DK49: 0 | DL49: 0 | DM49: 0 | DN49: 0 | DO49: 0 | DP49: 0 | DQ49: 0 | DR49: 0 | DS49: 0 | DT49: 0 | DU49: 0 | DV49: 0 | DW49: 0 | DX49: 0 | DY49: 0 | DZ49: 0 | EA49: 0 | EB49: 0 | EC49: 0 | ED49: 0 | EE49: 0 | EF49: 0 | EG49: 0 | EH49: 0 | EI49: 0 | EJ49: 0 | EK49: 0 | EL49: 0 | EM49: 0 | EN49: 0 | EO49: 0 | EP49: 0 | EQ49: 0 | ER49: 0 | ES49: 0 | ET49: 0 | EU49: 0 | EV49: 0 | EW49: 0 | EX49: 0 | EY49: 0 | EZ49: 0 | FA49: 0 | FB49: 0 | FC49: 0 | FD49: 0 | FE49: 0 | FF49: 0 | FG49: 0 | FH49: 0 | FI49: 0 | FJ49: 0 | FK49: 0 | FL49: 0
A50: 42 | B50: 6 | C50: 2101331 | D50: SpliceOutbLH | E50: 2916010 | F50: 2916010 | G50: 0 | H50: 0 | I50: 51.48 | J50: 3_102_0 | K50: CDR_Pivot_V161_leftdown_all | L50: SUBCASE 102 = STLP ULT (INTACT) :STLP ULT (INTACT) | M50: Simulation 1 | N50: 28910.19671926622 -172.27526482391312 3875.0115942784673 | O50: 14401.3 | P50: -4164.68 | Q50: 407.665 | R50: 14200.5 | S50: 28910.100754017814 -172.9846693977033 3838.6167768476603 | T50: 28917.39890273625 -172.70090756818723 3845.8737817744677 | U50: 28924.697051454685 -172.41714573867117 3853.130786701275 | V50: 28931.99520017312 -172.13338390915507 3860.387791628082 | W50: 28939.293348891555 -171.849622079639 3867.6447965548896 | X50: 28946.591497609992 -171.56586025012294 3874.901801481697 | Y50: 28939.33173499092 -171.56586025012294 3882.2027235272126 | Z50: 28932.071972371847 -171.56586025012294 3889.503645572728 | AA50: 28924.81220975277 -171.56586025012294 3896.8045676182433 | AB50: 28917.552447133698 -171.56586025012294 3904.105489663759 | AC50: 28910.292684514625 -171.56586025012294 3911.4064117092744 | AD50: 28902.994535796188 -171.849622079639 3904.149406782467 | AE50: 28895.696387077754 -172.13338390915507 3896.8924018556595 | AF50: 28888.398238359317 -172.41714573867117 3889.6353969288525 | AG50: 28881.100089640884 -172.70090756818723 3882.378392002045 | AH50: 28873.801940922447 -172.9846693977033 3875.1213870752376 | AI50: 28881.06170354152 -172.9846693977033 3867.820465029722 | AJ50: 28888.321466160593 -172.9846693977033 3860.5195429842065 | AK50: 28895.58122877967 -172.9846693977033 3853.2186209386914 | AL50: 28902.84099139874 -172.9846693977033 3845.917698893176 | AM50: 0 | AN50: 0 | AO50: 0 | AP50: 0 | AQ50: 0 | AR50: 0 | AS50: 0 | AT50: 0 | AU50: 0 | AV50: 0 | AW50: 0 | AX50: 0 | AY50: 0 | AZ50: 0 | BA50: 0 | BB50: 0 | BC50: 0 | BD50: 0 | BE50: 0 | BF50: 0 | BG50: 0 | BH50: 0 | BI50: 0 | BJ50: 0 | BK50: 0 | BL50: 0 | BM50: 0 | BN50: 0 | BO50: 0 | BP50: 0 | BQ50: 0 | BR50: 0 | BS50: 0 | BT50: 0 | BU50: 0 | BV50: 0 | BW50: 0 | BX50: 0 | BY50: 0 | BZ50: 0 | CA50: 0 | CB50: 0 | CC50: 0 | CD50: 0 | CE50: 0 | CF50: 0 | CG50: 0 | CH50: 0 | CI50: 0 | CJ50: 0 | CK50: 0 | CL50: 0 | CM50: 0 | CN50: 0 | CO50: 0 | CP50: 0 | CQ50: 0 | CR50: 0 | CS50: 0 | CT50: 0 | CU50: 0 | CV50: 0 | CW50: 0 | CX50: 0 | CY50: 0 | CZ50: 0 | DA50: 0 | DB50: 0 | DC50: 0 | DD50: 0 | DE50: 0 | DF50: 0 | DG50: 0 | DH50: 0 | DI50: 0 | DJ50: 0 | DK50: 0 | DL50: 0 | DM50: 0 | DN50: 0 | DO50: 0 | DP50: 0 | DQ50: 0 | DR50: 0 | DS50: 0 | DT50: 0 | DU50: 0 | DV50: 0 | DW50: 0 | DX50: 0 | DY50: 0 | DZ50: 0 | EA50: 0 | EB50: 0 | EC50: 0 | ED50: 0 | EE50: 0 | EF50: 0 | EG50: 0 | EH50: 0 | EI50: 0 | EJ50: 0 | EK50: 0 | EL50: 0 | EM50: 0 | EN50: 0 | EO50: 0 | EP50: 0 | EQ50: 0 | ER50: 0 | ES50: 0 | ET50: 0 | EU50: 0 | EV50: 0 | EW50: 0 | EX50: 0 | EY50: 0 | EZ50: 0 | FA50: 0 | FB50: 0 | FC50: 0 | FD50: 0 | FE50: 0 | FF50: 0 | FG50: 0 | FH50: 0 | FI50: 0 | FJ50: 0 | FK50: 0 | FL50: 0
A51: 43 | B51: 7 | C51: 2100868 | D51: SpliceOutbLH | E51: 2902010 | F51: 2902010 | G51: 0 | H51: 0 | I51: 51.48 | J51: 2_101_0 | K51: CDR_Pivot_V161_rightdown_all | L51: SUBCASE 101 = STLN ULT (INTACT) :STLN ULT (INTACT) | M51: Simulation 1 | N51: 28863.12047944453 -169.16059470439117 4152.349247265998 | O51: -7368.69 | P51: 9776.4 | Q51: 638.358 | R51: 1339.43 | S51: 28880.467146905463 -168.5944110379965 4184.347181012659 | T51: 28870.599066347466 -168.82088450455436 4181.418476201685 | U51: 28860.73098578947 -169.04735797111223 4178.48977139071 | V51: 28850.862905231468 -169.2738314376701 4175.561066579736 | W51: 28840.99482467347 -169.500304904228 4172.632361768761 | X51: 28831.126744115474 -169.72677837078584 4169.703656957787 | Y51: 28834.056157689098 -169.72677837078584 4159.833188270097 | Z51: 28836.98557126272 -169.72677837078584 4149.962719582407 | AA51: 28839.91498483635 -169.72677837078584 4140.092250894717 | AB51: 28842.844398409972 -169.72677837078584 4130.221782207027 | AC51: 28845.773811983596 -169.72677837078584 4120.351313519337 | AD51: 28855.641892541593 -169.500304904228 4123.280018330312 | AE51: 28865.50997309959 -169.2738314376701 4126.208723141286 | AF51: 28875.37805365759 -169.04735797111223 4129.137427952261 | AG51: 28885.246134215588 -168.82088450455436 4132.066132763235 | AH51: 28895.114214773585 -168.5944110379965 4134.99483757421 | AI51: 28892.18480119996 -168.5944110379965 4144.8653062619 | AJ51: 28889.255387626337 -168.5944110379965 4154.7357749495895 | AK51: 28886.32597405271 -168.5944110379965 4164.6062436372795 | AL51: 28883.396560479086 -168.5944110379965 4174.476712324969 | AM51: 0 | AN51: 0 | AO51: 0 | AP51: 0 | AQ51: 0 | AR51: 0 | AS51: 0 | AT51: 0 | AU51: 0 | AV51: 0 | AW51: 0 | AX51: 0 | AY51: 0 | AZ51: 0 | BA51: 0 | BB51: 0 | BC51: 0 | BD51: 0 | BE51: 0 | BF51: 0 | BG51: 0 | BH51: 0 | BI51: 0 | BJ51: 0 | BK51: 0 | BL51: 0 | BM51: 0 | BN51: 0 | BO51: 0 | BP51: 0 | BQ51: 0 | BR51: 0 | BS51: 0 | BT51: 0 | BU51: 0 | BV51: 0 | BW51: 0 | BX51: 0 | BY51: 0 | BZ51: 0 | CA51: 0 | CB51: 0 | CC51: 0 | CD51: 0 | CE51: 0 | CF51: 0 | CG51: 0 | CH51: 0 | CI51: 0 | CJ51: 0 | CK51: 0 | CL51: 0 | CM51: 0 | CN51: 0 | CO51: 0 | CP51: 0 | CQ51: 0 | CR51: 0 | CS51: 0 | CT51: 0 | CU51: 0 | CV51: 0 | CW51: 0 | CX51: 0 | CY51: 0 | CZ51: 0 | DA51: 0 | DB51: 0 | DC51: 0 | DD51: 0 | DE51: 0 | DF51: 0 | DG51: 0 | DH51: 0 | DI51: 0 | DJ51: 0 | DK51: 0 | DL51: 0 | DM51: 0 | DN51: 0 | DO51: 0 | DP51: 0 | DQ51: 0 | DR51: 0 | DS51: 0 | DT51: 0 | DU51: 0 | DV51: 0 | DW51: 0 | DX51: 0 | DY51: 0 | DZ51: 0 | EA51: 0 | EB51: 0 | EC51: 0 | ED51: 0 | EE51: 0 | EF51: 0 | EG51: 0 | EH51: 0 | EI51: 0 | EJ51: 0 | EK51: 0 | EL51: 0 | EM51: 0 | EN51: 0 | EO51: 0 | EP51: 0 | EQ51: 0 | ER51: 0 | ES51: 0 | ET51: 0 | EU51: 0 | EV51: 0 | EW51: 0 | EX51: 0 | EY51: 0 | EZ51: 0 | FA51: 0 | FB51: 0 | FC51: 0 | FD51: 0 | FE51: 0 | FF51: 0 | FG51: 0 | FH51: 0 | FI51: 0 | FJ51: 0 | FK51: 0 | FL51: 0
A52: 44 | B52: 7 | C52: 2100868 | D52: SpliceOutbLH | E52: 2902010 | F52: 2902010 | G52: 0 | H52: 0 | I52: 51.48 | J52: 3_102_0 | K52: CDR_Pivot_V161_leftdown_all | L52: SUBCASE 102 = STLP ULT (INTACT) :STLP ULT (INTACT) | M52: Simulation 1 | N52: 28863.12047944453 -169.16059470439117 4152.349247265998 | O52: 9326.38 | P52: -9204.5 | Q52: -839.648 | R52: 68260.8 | S52: 28880.467146905463 -168.5944110379965 4184.347181012659 | T52: 28870.599066347466 -168.82088450455436 4181.418476201685 | U52: 28860.73098578947 -169.04735797111223 4178.48977139071 | V52: 28850.862905231468 -169.2738314376701 4175.561066579736 | W52: 28840.99482467347 -169.500304904228 4172.632361768761 | X52: 28831.126744115474 -169.72677837078584 4169.703656957787 | Y52: 28834.056157689098 -169.72677837078584 4159.833188270097 | Z52: 28836.98557126272 -169.72677837078584 4149.962719582407 | AA52: 28839.91498483635 -169.72677837078584 4140.092250894717 | AB52: 28842.844398409972 -169.72677837078584 4130.221782207027 | AC52: 28845.773811983596 -169.72677837078584 4120.351313519337 | AD52: 28855.641892541593 -169.500304904228 4123.280018330312 | AE52: 28865.50997309959 -169.2738314376701 4126.208723141286 | AF52: 28875.37805365759 -169.04735797111223 4129.137427952261 | AG52: 28885.246134215588 -168.82088450455436 4132.066132763235 | AH52: 28895.114214773585 -168.5944110379965 4134.99483757421 | AI52: 28892.18480119996 -168.5944110379965 4144.8653062619 | AJ52: 28889.255387626337 -168.5944110379965 4154.7357749495895 | AK52: 28886.32597405271 -168.5944110379965 4164.6062436372795 | AL52: 28883.396560479086 -168.5944110379965 4174.476712324969 | AM52: 0 | AN52: 0 | AO52: 0 | AP52: 0 | AQ52: 0 | AR52: 0 | AS52: 0 | AT52: 0 | AU52: 0 | AV52: 0 | AW52: 0 | AX52: 0 | AY52: 0 | AZ52: 0 | BA52: 0 | BB52: 0 | BC52: 0 | BD52: 0 | BE52: 0 | BF52: 0 | BG52: 0 | BH52: 0 | BI52: 0 | BJ52: 0 | BK52: 0 | BL52: 0 | BM52: 0 | BN52: 0 | BO52: 0 | BP52: 0 | BQ52: 0 | BR52: 0 | BS52: 0 | BT52: 0 | BU52: 0 | BV52: 0 | BW52: 0 | BX52: 0 | BY52: 0 | BZ52: 0 | CA52: 0 | CB52: 0 | CC52: 0 | CD52: 0 | CE52: 0 | CF52: 0 | CG52: 0 | CH52: 0 | CI52: 0 | CJ52: 0 | CK52: 0 | CL52: 0 | CM52: 0 | CN52: 0 | CO52: 0 | CP52: 0 | CQ52: 0 | CR52: 0 | CS52: 0 | CT52: 0 | CU52: 0 | CV52: 0 | CW52: 0 | CX52: 0 | CY52: 0 | CZ52: 0 | DA52: 0 | DB52: 0 | DC52: 0 | DD52: 0 | DE52: 0 | DF52: 0 | DG52: 0 | DH52: 0 | DI52: 0 | DJ52: 0 | DK52: 0 | DL52: 0 | DM52: 0 | DN52: 0 | DO52: 0 | DP52: 0 | DQ52: 0 | DR52: 0 | DS52: 0 | DT52: 0 | DU52: 0 | DV52: 0 | DW52: 0 | DX52: 0 | DY52: 0 | DZ52: 0 | EA52: 0 | EB52: 0 | EC52: 0 | ED52: 0 | EE52: 0 | EF52: 0 | EG52: 0 | EH52: 0 | EI52: 0 | EJ52: 0 | EK52: 0 | EL52: 0 | EM52: 0 | EN52: 0 | EO52: 0 | EP52: 0 | EQ52: 0 | ER52: 0 | ES52: 0 | ET52: 0 | EU52: 0 | EV52: 0 | EW52: 0 | EX52: 0 | EY52: 0 | EZ52: 0 | FA52: 0 | FB52: 0 | FC52: 0 | FD52: 0 | FE52: 0 | FF52: 0 | FG52: 0 | FH52: 0 | FI52: 0 | FJ52: 0 | FK52: 0 | FL52: 0
A53: 45 | B53: 7 | C53: 1107611 | D53: SkinLH | E53: 2902010 | F53: 1902012 | G53: 3902010 | H53: 1902011 | I53: 57.915 | J53: 2_101_0 | K53: CDR_Pivot_V161_rightdown_all | L53: SUBCASE 101 = STLN ULT (INTACT) :STLN ULT (INTACT) | M53: Simulation 1 | N53: 28863.12047944453 -159.46937042563272 4152.349247265998 | O53: 8061.73 | P53: -1726.9 | Q53: -16011.9 | R53: 1339.43 | S53: 28864.79665536494 -160.42541942954077 4111.442646122834 | T53: 28872.642922000792 -160.04299982797755 4119.954740114763 | U53: 28880.489188636646 -159.66058022641434 4128.466834106693 | V53: 28888.3354552725 -159.2781606248511 4136.9789280986215 | W53: 28896.181721908353 -158.89574102328788 4145.491022090551 | X53: 28904.027988544207 -158.51332142172467 4154.00311608248 | Y53: 28895.51125154019 -158.51332142172467 4161.853662547816 | Z53: 28886.99451453617 -158.51332142172467 4169.704209013153 | AA53: 28878.477777532156 -158.51332142172467 4177.55475547849 | AB53: 28869.96104052814 -158.51332142172467 4185.405301943826 | AC53: 28862.643461302898 -158.67754757251856 4191.864298706024 | AD53: 28853.598036888267 -158.89574102328788 4184.7437544172335 | AE53: 28845.751770252413 -159.2781606248511 4176.231660425304 | AF53: 28837.90550361656 -159.66058022641434 4167.719566433375 | AG53: 28830.059236980705 -160.04299982797755 4159.207472441445 | AH53: 28822.21297034485 -160.42541942954077 4150.695378449516 | AI53: 28830.72970734887 -160.42541942954077 4142.84483198418 | AJ53: 28839.246444352888 -160.42541942954077 4134.994285518844 | AK53: 28847.763181356902 -160.42541942954077 4127.143739053507 | AL53: 28856.27991836092 -160.42541942954077 4119.29319258817 | AM53: -51.134 | AN53: -99.1949 | AO53: -148.516 | AP53: -194.729 | AQ53: -257.838 | AR53: -354.395 | AS53: -757.601 | AT53: -1113.21 | AU53: -1354.38 | AV53: -1492.41 | AW53: -1534.58 | AX53: -1460.02 | AY53: -1394.44 | AZ53: -1312.95 | BA53: -1236.1 | BB53: -1169.04 | BC53: -967.221 | BD53: -747.635 | BE53: -523.071 | BF53: -299.159 | BG53: -355.735 | BH53: -334.753 | BI53: -318.709 | BJ53: -306.443 | BK53: -290.352 | BL53: -266.768 | BM53: -266.484 | BN53: -264.252 | BO53: -291.685 | BP53: -352.582 | BQ53: -387.399 | BR53: -378.567 | BS53: -375.153 | BT53: -365.214 | BU53: -355.317 | BV53: -355.978 | BW53: -350.21 | BX53: -354.005 | BY53: -351.917 | BZ53: -347.22 | CA53: -393.628 | CB53: -375.423 | CC53: -354.054 | CD53: -324.456 | CE53: -313.295 | CF53: -313.595 | CG53: -397.414 | CH53: -492.989 | CI53: -594.235 | CJ53: -706.913 | CK53: -766.54 | CL53: -733.803 | CM53: -714.068 | CN53: -686.918 | CO53: -662.813 | CP53: -647.607 | CQ53: -585.929 | CR53: -535.116 | CS53: -494.201 | CT53: -443.051 | CU53: 9022.1 | CV53: 10245.1 | CW53: 11573.2 | CX53: 12332.2 | CY53: 12093.5 | CZ53: 11170.6 | DA53: 11281.5 | DB53: 11107.3 | DC53: 10928.7 | DD53: 10497.8 | DE53: 10055.5 | DF53: 9272.05 | DG53: 8209.53 | DH53: 7196.9 | DI53: 6197.3 | DJ53: 5951.42 | DK53: 6518.23 | DL53: 7106.45 | DM53: 7611.86 | DN53: 8269.75 | DO53: 2740.53 | DP53: 2881.95 | DQ53: 2959.92 | DR53: 2790.77 | DS53: 2589.29 | DT53: 2256.16 | DU53: 2528.63 | DV53: 2792.61 | DW53: 2095.55 | DX53: 1261.48 | DY53: 1016.47 | DZ53: 937.844 | EA53: 895.833 | EB53: 1010 | EC53: 1000.34 | ED53: 1116.25 | EE53: 1275.01 | EF53: 1630.55 | EG53: 2425.24 | EH53: 2887.67 | EI53: 1458.5 | EJ53: 1858.85 | EK53: 2068.92 | EL53: 1742.78 | EM53: 1400.33 | EN53: 1122.14 | EO53: 1633.3 | EP53: 2642.09 | EQ53: 3418.59 | ER53: 3529.47 | ES53: 3431.18 | ET53: 2991.49 | EU53: 2477.58 | EV53: 1980.85 | EW53: 1834.28 | EX53: 1596.09 | EY53: 1352.14 | EZ53: 1073.51 | FA53: 1030.65 | FB53: 1332.44 | FC53: -626.21 | FD53: -1101.09 | FE53: -312.127 | FF53: -369.605 | FG53: -345.742 | FH53: -701.958 | FI53: -9126.77 | FJ53: -1849.61 | FK53: -1982.63 | FL53: 0.0191628 | FM53: Pt11 modified
A54: 46 | B54: 7 | C54: 1107611 | D54: SkinLH | E54: 2902010 | F54: 1902012 | G54: 3902010 | H54: 1902011 | I54: 57.915 | J54: 3_102_0 | K54: CDR_Pivot_V161_leftdown_all | L54: SUBCASE 102 = STLP ULT (INTACT) :STLP ULT (INTACT) | M54: Simulation 1 | N54: 28863.12047944453 -159.46937042563272 4152.349247265998 | O54: -7251.47 | P54: 1206.79 | Q54: 14477.2 | R54: 68260.8 | S54: 28864.79665536494 -160.42541942954077 4111.442646122834 | T54: 28872.642922000792 -160.04299982797755 4119.954740114763 | U54: 28880.489188636646 -159.66058022641434 4128.466834106693 | V54: 28888.3354552725 -159.2781606248511 4136.9789280986215 | W54: 28896.181721908353 -158.89574102328788 4145.491022090551 | X54: 28904.027988544207 -158.51332142172467 4154.00311608248 | Y54: 28895.51125154019 -158.51332142172467 4161.853662547816 | Z54: 28886.99451453617 -158.51332142172467 4169.704209013153 | AA54: 28878.477777532156 -158.51332142172467 4177.55475547849 | AB54: 28869.96104052814 -158.51332142172467 4185.405301943826 | AC54: 28862.643461302898 -158.67754757251856 4191.864298706024 | AD54: 28853.598036888267 -158.89574102328788 4184.7437544172335 | AE54: 28845.751770252413 -159.2781606248511 4176.231660425304 | AF54: 28837.90550361656 -159.66058022641434 4167.719566433375 | AG54: 28830.059236980705 -160.04299982797755 4159.207472441445 | AH54: 28822.21297034485 -160.42541942954077 4150.695378449516 | AI54: 28830.72970734887 -160.42541942954077 4142.84483198418 | AJ54: 28839.246444352888 -160.42541942954077 4134.994285518844 | AK54: 28847.763181356902 -160.42541942954077 4127.143739053507 | AL54: 28856.27991836092 -160.42541942954077 4119.29319258817 | AM54: 188.1 | AN54: 216.84 | AO54: 239.253 | AP54: 244.86 | AQ54: 255.943 | AR54: 277.405 | AS54: 464.797 | AT54: 673.747 | AU54: 856.609 | AV54: 1019.49 | AW54: 1105.38 | AX54: 1116.34 | AY54: 1116.91 | AZ54: 1082.2 | BA54: 1044.73 | BB54: 1013.72 | BC54: 817.221 | BD54: 627.895 | BE54: 463.495 | BF54: 327.094 | BG54: 368.043 | BH54: 367.61 | BI54: 375.831 | BJ54: 395.102 | BK54: 408.94 | BL54: 412.396 | BM54: 391.889 | BN54: 353.796 | BO54: 326.108 | BP54: 315.332 | BQ54: 315.443 | BR54: 335.286 | BS54: 355.219 | BT54: 368.025 | BU54: 373.151 | BV54: 380.491 | BW54: 388.836 | BX54: 399.231 | BY54: 395.416 | BZ54: 380.079 | CA54: 572.998 | CB54: 581.579 | CC54: 584.287 | CD54: 581.167 | CE54: 578.865 | CF54: 567.555 | CG54: 567.433 | CH54: 556.996 | CI54: 548.394 | CJ54: 563.587 | CK54: 588.019 | CL54: 609.67 | CM54: 632.79 | CN54: 645.412 | CO54: 650.025 | CP54: 655.963 | CQ54: 631.545 | CR54: 621.238 | CS54: 619.61 | CT54: 601.529 | CU54: -7344.45 | CV54: -8296.04 | CW54: -9362.97 | CX54: -9892.91 | CY54: -9487.01 | CZ54: -8434.57 | DA54: -8745.81 | DB54: -8710.89 | DC54: -8657.39 | DD54: -8348.81 | DE54: -7983.35 | DF54: -7372.78 | DG54: -6478.52 | DH54: -5607.74 | DI54: -4791.88 | DJ54: -4796.92 | DK54: -5222.44 | DL54: -5678.31 | DM54: -6057.69 | DN54: -6628.59 | DO54: -2360.51 | DP54: -2553.78 | DQ54: -2701.74 | DR54: -2632.2 | DS54: -2529.74 | DT54: -2287.13 | DU54: -2464.99 | DV54: -2705.34 | DW54: -2032.79 | DX54: -1251.04 | DY54: -1031.18 | DZ54: -920.065 | EA54: -859.129 | EB54: -957.313 | EC54: -935.854 | ED54: -1062.24 | EE54: -1103.74 | EF54: -1346.03 | EG54: -2090.54 | EH54: -2541.55 | EI54: -1652.85 | EJ54: -2052.11 | EK54: -2250.01 | EL54: -1872.58 | EM54: -1440.13 | EN54: -1031.61 | EO54: -1462.18 | EP54: -2424.8 | EQ54: -3120.18 | ER54: -3126.57 | ES54: -2981.28 | ET54: -2581.19 | EU54: -2130.55 | EV54: -1724.92 | EW54: -1680.35 | EX54: -1509.17 | EY54: -1301.48 | EZ54: -1058.18 | FA54: -1058.02 | FB54: -1435.83 | FC54: 572.92 | FD54: 732.906 | FE54: 354.602 | FF54: 387.987 | FG54: 565.331 | FH54: 630.313 | FI54: 7217.44 | FJ54: 1735.91 | FK54: 1877.87 | FL54: 0 | FM54: Pt11 modified
A55: 47 | B55: 7 | C55: 3102255 | D55: SpliceInbLH | E55: 3902010 | F55: 3902012 | G55: 5902010 | H55: 3902013 | I55: 51.48 | J55: 2_101_0 | K55: CDR_Pivot_V161_rightdown_all | L55: SUBCASE 101 = STLN ULT (INTACT) :STLN ULT (INTACT) | M55: Simulation 1 | N55: 28863.12047944453 -148.70391634708602 4152.349247265998 | O55: 12269.3 | P55: 61375 | Q55: -3142.75 | R55: 1339.43 | S55: 28850.162549349363 -149.146700969927 4118.334674074107 | T55: 28845.950837302295 -148.9695871207906 4127.728168009647 | U55: 28841.739125255226 -148.79247327165422 4137.121661945186 | V55: 28837.527413208154 -148.61535942251783 4146.5151558807265 | W55: 28833.315701161086 -148.43824557338144 4155.908649816266 | X55: 28829.103989114017 -148.26113172424505 4165.3021437518055 | Y55: 28838.498873199154 -148.26113172424505 4169.514479093023 | Z55: 28847.893757284288 -148.26113172424505 4173.726814434239 | AA55: 28857.288641369425 -148.26113172424505 4177.939149775456 | AB55: 28866.68352545456 -148.26113172424505 4182.151485116672 | AC55: 28876.078409539696 -148.26113172424505 4186.363820457889 | AD55: 28880.290121586764 -148.43824557338144 4176.97032652235 | AE55: 28884.501833633833 -148.61535942251783 4167.57683258681 | AF55: 28888.713545680905 -148.79247327165422 4158.18333865127 | AG55: 28892.925257727973 -148.9695871207906 4148.78984471573 | AH55: 28897.13696977504 -149.146700969927 4139.396350780191 | AI55: 28887.742085689904 -149.146700969927 4135.184015438974 | AJ55: 28878.34720160477 -149.146700969927 4130.971680097758 | AK55: 28868.952317519634 -149.146700969927 4126.7593447565405 | AL55: 28859.5574334345 -149.146700969927 4122.547009415324 | AM55: 0 | AN55: 0 | AO55: 0 | AP55: 0 | AQ55: 0 | AR55: 0 | AS55: 0 | AT55: 0 | AU55: 0 | AV55: 0 | AW55: 0 | AX55: 0 | AY55: 0 | AZ55: 0 | BA55: 0 | BB55: 0 | BC55: 0 | BD55: 0 | BE55: 0 | BF55: 0 | BG55: 0 | BH55: 0 | BI55: 0 | BJ55: 0 | BK55: 0 | BL55: 0 | BM55: 0 | BN55: 0 | BO55: 0 | BP55: 0 | BQ55: 0 | BR55: 0 | BS55: 0 | BT55: 0 | BU55: 0 | BV55: 0 | BW55: 0 | BX55: 0 | BY55: 0 | BZ55: 0 | CA55: 0 | CB55: 0 | CC55: 0 | CD55: 0 | CE55: 0 | CF55: 0 | CG55: 0 | CH55: 0 | CI55: 0 | CJ55: 0 | CK55: 0 | CL55: 0 | CM55: 0 | CN55: 0 | CO55: 0 | CP55: 0 | CQ55: 0 | CR55: 0 | CS55: 0 | CT55: 0 | CU55: 0 | CV55: 0 | CW55: 0 | CX55: 0 | CY55: 0 | CZ55: 0 | DA55: 0 | DB55: 0 | DC55: 0 | DD55: 0 | DE55: 0 | DF55: 0 | DG55: 0 | DH55: 0 | DI55: 0 | DJ55: 0 | DK55: 0 | DL55: 0 | DM55: 0 | DN55: 0 | DO55: 0 | DP55: 0 | DQ55: 0 | DR55: 0 | DS55: 0 | DT55: 0 | DU55: 0 | DV55: 0 | DW55: 0 | DX55: 0 | DY55: 0 | DZ55: 0 | EA55: 0 | EB55: 0 | EC55: 0 | ED55: 0 | EE55: 0 | EF55: 0 | EG55: 0 | EH55: 0 | EI55: 0 | EJ55: 0 | EK55: 0 | EL55: 0 | EM55: 0 | EN55: 0 | EO55: 0 | EP55: 0 | EQ55: 0 | ER55: 0 | ES55: 0 | ET55: 0 | EU55: 0 | EV55: 0 | EW55: 0 | EX55: 0 | EY55: 0 | EZ55: 0 | FA55: 0 | FB55: 0 | FC55: 0 | FD55: 0 | FE55: 0 | FF55: 0 | FG55: 0 | FH55: 0 | FI55: 0 | FJ55: 0 | FK55: 0 | FL55: 0
A56: 48 | B56: 7 | C56: 3102255 | D56: SpliceInbLH | E56: 3902010 | F56: 3902012 | G56: 5902010 | H56: 3902013 | I56: 51.48 | J56: 3_102_0 | K56: CDR_Pivot_V161_leftdown_all | L56: SUBCASE 102 = STLP ULT (INTACT) :STLP ULT (INTACT) | M56: Simulation 1 | N56: 28863.12047944453 -148.70391634708602 4152.349247265998 | O56: -12506.7 | P56: -56850.9 | Q56: 2129.55 | R56: 68260.8 | S56: 28850.162549349363 -149.146700969927 4118.334674074107 | T56: 28845.950837302295 -148.9695871207906 4127.728168009647 | U56: 28841.739125255226 -148.79247327165422 4137.121661945186 | V56: 28837.527413208154 -148.61535942251783 4146.5151558807265 | W56: 28833.315701161086 -148.43824557338144 4155.908649816266 | X56: 28829.103989114017 -148.26113172424505 4165.3021437518055 | Y56: 28838.498873199154 -148.26113172424505 4169.514479093023 | Z56: 28847.893757284288 -148.26113172424505 4173.726814434239 | AA56: 28857.288641369425 -148.26113172424505 4177.939149775456 | AB56: 28866.68352545456 -148.26113172424505 4182.151485116672 | AC56: 28876.078409539696 -148.26113172424505 4186.363820457889 | AD56: 28880.290121586764 -148.43824557338144 4176.97032652235 | AE56: 28884.501833633833 -148.61535942251783 4167.57683258681 | AF56: 28888.713545680905 -148.79247327165422 4158.18333865127 | AG56: 28892.925257727973 -148.9695871207906 4148.78984471573 | AH56: 28897.13696977504 -149.146700969927 4139.396350780191 | AI56: 28887.742085689904 -149.146700969927 4135.184015438974 | AJ56: 28878.34720160477 -149.146700969927 4130.971680097758 | AK56: 28868.952317519634 -149.146700969927 4126.7593447565405 | AL56: 28859.5574334345 -149.146700969927 4122.547009415324 | AM56: 0 | AN56: 0 | AO56: 0 | AP56: 0 | AQ56: 0 | AR56: 0 | AS56: 0 | AT56: 0 | AU56: 0 | AV56: 0 | AW56: 0 | AX56: 0 | AY56: 0 | AZ56: 0 | BA56: 0 | BB56: 0 | BC56: 0 | BD56: 0 | BE56: 0 | BF56: 0 | BG56: 0 | BH56: 0 | BI56: 0 | BJ56: 0 | BK56: 0 | BL56: 0 | BM56: 0 | BN56: 0 | BO56: 0 | BP56: 0 | BQ56: 0 | BR56: 0 | BS56: 0 | BT56: 0 | BU56: 0 | BV56: 0 | BW56: 0 | BX56: 0 | BY56: 0 | BZ56: 0 | CA56: 0 | CB56: 0 | CC56: 0 | CD56: 0 | CE56: 0 | CF56: 0 | CG56: 0 | CH56: 0 | CI56: 0 | CJ56: 0 | CK56: 0 | CL56: 0 | CM56: 0 | CN56: 0 | CO56: 0 | CP56: 0 | CQ56: 0 | CR56: 0 | CS56: 0 | CT56: 0 | CU56: 0 | CV56: 0 | CW56: 0 | CX56: 0 | CY56: 0 | CZ56: 0 | DA56: 0 | DB56: 0 | DC56: 0 | DD56: 0 | DE56: 0 | DF56: 0 | DG56: 0 | DH56: 0 | DI56: 0 | DJ56: 0 | DK56: 0 | DL56: 0 | DM56: 0 | DN56: 0 | DO56: 0 | DP56: 0 | DQ56: 0 | DR56: 0 | DS56: 0 | DT56: 0 | DU56: 0 | DV56: 0 | DW56: 0 | DX56: 0 | DY56: 0 | DZ56: 0 | EA56: 0 | EB56: 0 | EC56: 0 | ED56: 0 | EE56: 0 | EF56: 0 | EG56: 0 | EH56: 0 | EI56: 0 | EJ56: 0 | EK56: 0 | EL56: 0 | EM56: 0 | EN56: 0 | EO56: 0 | EP56: 0 | EQ56: 0 | ER56: 0 | ES56: 0 | ET56: 0 | EU56: 0 | EV56: 0 | EW56: 0 | EX56: 0 | EY56: 0 | EZ56: 0 | FA56: 0 | FB56: 0 | FC56: 0 | FD56: 0 | FE56: 0 | FF56: 0 | FG56: 0 | FH56: 0 | FI56: 0 | FJ56: 0 | FK56: 0 | FL56: 0
A57: 49 | B57: 7 | C57: 610969 | D57: ClsRwd_WEB_RIGI_LH_Corner | E57: 5902010 | F57: 610748 | G57: 0 | H57: 0 | I57: 51.48 | J57: 2_101_0 | K57: CDR_Pivot_V161_rightdown_all | L57: SUBCASE 101 = STLN ULT (INTACT) :STLN ULT (INTACT) | M57: Simulation 1 | N57: 28863.12047944453 -145.04481495897562 4152.349247265998 | O57: 18250.4 | P57: -71643.3 | Q57: 20980.5 | R57: 1339.43 | S57: 28857.57662132004 -146.3650470973453 4128.05189212017 | T57: 28853.83144401062 -146.57892084791527 4126.666710894267 | U57: 28847.895036437723 -145.1196141317436 4130.966314952345 | V57: 28840.842583274367 -144.97001578620765 4138.466190998902 | W57: 28833.790130111014 -144.8204174406717 4145.966067045459 | X57: 28826.73767694766 -144.67081909513573 4153.465943092016 | Y57: 28834.238344783054 -144.67081909513573 4160.5191408081655 | Z57: 28841.739012618447 -144.67081909513573 4167.5723385243155 | AA57: 28849.239680453844 -144.67081909513573 4174.625536240465 | AB57: 28856.740348289237 -144.67081909513573 4181.678733956615 | AC57: 28865.777598172186 -143.75456030133626 4186.475004066055 | AD57: 28871.293469287983 -144.8204174406717 4181.232055626208 | AE57: 28878.345922451335 -144.97001578620765 4173.7321795796515 | AF57: 28885.39837561469 -145.1196141317436 4166.232303533095 | AG57: 28892.450828778045 -145.26921247727955 4158.732427486538 | AH57: 28899.503281941397 -145.41881082281552 4151.232551439981 | AI57: 28892.002614106004 -145.41881082281552 4144.179353723831 | AJ57: 28884.070769566788 -144.85181621129715 4137.850795058997 | AK57: 28875.00092621663 -145.36984645316662 4134.49629889939 | AL57: 28866.327825470296 -145.86521646182857 4131.288538769155 | AM57: 0 | AN57: 0 | AO57: 0 | AP57: 0 | AQ57: 0 | AR57: 0 | AS57: 0 | AT57: 0 | AU57: 0 | AV57: 0 | AW57: 0 | AX57: 0 | AY57: 0 | AZ57: 0 | BA57: 0 | BB57: 0 | BC57: 0 | BD57: 0 | BE57: 0 | BF57: 0 | BG57: 0 | BH57: 0 | BI57: 0 | BJ57: 0 | BK57: 0 | BL57: 0 | BM57: 0 | BN57: 0 | BO57: 0 | BP57: 0 | BQ57: 0 | BR57: 0 | BS57: 0 | BT57: 0 | BU57: 0 | BV57: 0 | BW57: 0 | BX57: 0 | BY57: 0 | BZ57: 0 | CA57: 0 | CB57: 0 | CC57: 0 | CD57: 0 | CE57: 0 | CF57: 0 | CG57: 0 | CH57: 0 | CI57: 0 | CJ57: 0 | CK57: 0 | CL57: 0 | CM57: 0 | CN57: 0 | CO57: 0 | CP57: 0 | CQ57: 0 | CR57: 0 | CS57: 0 | CT57: 0 | CU57: 0 | CV57: 0 | CW57: 0 | CX57: 0 | CY57: 0 | CZ57: 0 | DA57: 0 | DB57: 0 | DC57: 0 | DD57: 0 | DE57: 0 | DF57: 0 | DG57: 0 | DH57: 0 | DI57: 0 | DJ57: 0 | DK57: 0 | DL57: 0 | DM57: 0 | DN57: 0 | DO57: 0 | DP57: 0 | DQ57: 0 | DR57: 0 | DS57: 0 | DT57: 0 | DU57: 0 | DV57: 0 | DW57: 0 | DX57: 0 | DY57: 0 | DZ57: 0 | EA57: 0 | EB57: 0 | EC57: 0 | ED57: 0 | EE57: 0 | EF57: 0 | EG57: 0 | EH57: 0 | EI57: 0 | EJ57: 0 | EK57: 0 | EL57: 0 | EM57: 0 | EN57: 0 | EO57: 0 | EP57: 0 | EQ57: 0 | ER57: 0 | ES57: 0 | ET57: 0 | EU57: 0 | EV57: 0 | EW57: 0 | EX57: 0 | EY57: 0 | EZ57: 0 | FA57: 0 | FB57: 0 | FC57: 0 | FD57: 0 | FE57: 0 | FF57: 0 | FG57: 0 | FH57: 0 | FI57: 0 | FJ57: 0 | FK57: 0 | FL57: 0 | FM57: Pt1 2 11 18 19 20 modified
A58: 50 | B58: 7 | C58: 610969 | D58: ClsRwd_WEB_RIGI_LH_Corner | E58: 5902010 | F58: 610748 | G58: 0 | H58: 0 | I58: 51.48 | J58: 3_102_0 | K58: CDR_Pivot_V161_leftdown_all | L58: SUBCASE 102 = STLP ULT (INTACT) :STLP ULT (INTACT) | M58: Simulation 1 | N58: 28863.12047944453 -145.04481495897562 4152.349247265998 | O58: -17483.3 | P58: 68730.9 | Q58: -18612 | R58: 68260.8 | S58: 28857.57662132004 -146.3650470973453 4128.05189212017 | T58: 28853.83144401062 -146.57892084791527 4126.666710894267 | U58: 28847.895036437723 -145.1196141317436 4130.966314952345 | V58: 28840.842583274367 -144.97001578620765 4138.466190998902 | W58: 28833.790130111014 -144.8204174406717 4145.966067045459 | X58: 28826.73767694766 -144.67081909513573 4153.465943092016 | Y58: 28834.238344783054 -144.67081909513573 4160.5191408081655 | Z58: 28841.739012618447 -144.67081909513573 4167.5723385243155 | AA58: 28849.239680453844 -144.67081909513573 4174.625536240465 | AB58: 28856.740348289237 -144.67081909513573 4181.678733956615 | AC58: 28865.777598172186 -143.75456030133626 4186.475004066055 | AD58: 28871.293469287983 -144.8204174406717 4181.232055626208 | AE58: 28878.345922451335 -144.97001578620765 4173.7321795796515 | AF58: 28885.39837561469 -145.1196141317436 4166.232303533095 | AG58: 28892.450828778045 -145.26921247727955 4158.732427486538 | AH58: 28899.503281941397 -145.41881082281552 4151.232551439981 | AI58: 28892.002614106004 -145.41881082281552 4144.179353723831 | AJ58: 28884.070769566788 -144.85181621129715 4137.850795058997 | AK58: 28875.00092621663 -145.36984645316662 4134.49629889939 | AL58: 28866.327825470296 -145.86521646182857 4131.288538769155 | AM58: 0 | AN58: 0 | AO58: 0 | AP58: 0 | AQ58: 0 | AR58: 0 | AS58: 0 | AT58: 0 | AU58: 0 | AV58: 0 | AW58: 0 | AX58: 0 | AY58: 0 | AZ58: 0 | BA58: 0 | BB58: 0 | BC58: 0 | BD58: 0 | BE58: 0 | BF58: 0 | BG58: 0 | BH58: 0 | BI58: 0 | BJ58: 0 | BK58: 0 | BL58: 0 | BM58: 0 | BN58: 0 | BO58: 0 | BP58: 0 | BQ58: 0 | BR58: 0 | BS58: 0 | BT58: 0 | BU58: 0 | BV58: 0 | BW58: 0 | BX58: 0 | BY58: 0 | BZ58: 0 | CA58: 0 | CB58: 0 | CC58: 0 | CD58: 0 | CE58: 0 | CF58: 0 | CG58: 0 | CH58: 0 | CI58: 0 | CJ58: 0 | CK58: 0 | CL58: 0 | CM58: 0 | CN58: 0 | CO58: 0 | CP58: 0 | CQ58: 0 | CR58: 0 | CS58: 0 | CT58: 0 | CU58: 0 | CV58: 0 | CW58: 0 | CX58: 0 | CY58: 0 | CZ58: 0 | DA58: 0 | DB58: 0 | DC58: 0 | DD58: 0 | DE58: 0 | DF58: 0 | DG58: 0 | DH58: 0 | DI58: 0 | DJ58: 0 | DK58: 0 | DL58: 0 | DM58: 0 | DN58: 0 | DO58: 0 | DP58: 0 | DQ58: 0 | DR58: 0 | DS58: 0 | DT58: 0 | DU58: 0 | DV58: 0 | DW58: 0 | DX58: 0 | DY58: 0 | DZ58: 0 | EA58: 0 | EB58: 0 | EC58: 0 | ED58: 0 | EE58: 0 | EF58: 0 | EG58: 0 | EH58: 0 | EI58: 0 | EJ58: 0 | EK58: 0 | EL58: 0 | EM58: 0 | EN58: 0 | EO58: 0 | EP58: 0 | EQ58: 0 | ER58: 0 | ES58: 0 | ET58: 0 | EU58: 0 | EV58: 0 | EW58: 0 | EX58: 0 | EY58: 0 | EZ58: 0 | FA58: 0 | FB58: 0 | FC58: 0 | FD58: 0 | FE58: 0 | FF58: 0 | FG58: 0 | FH58: 0 | FI58: 0 | FJ58: 0 | FK58: 0 | FL58: 0 | FM58: Pt1 2 11 18 19 20 modified
A59: 51 | B59: 8 | C59: 2100963 | D59: SpliceOutbLH | E59: 2903010 | F59: 2903010 | G59: 0 | H59: 0 | I59: 51.48 | J59: 2_101_0 | K59: CDR_Pivot_V161_rightdown_all | L59: SUBCASE 101 = STLN ULT (INTACT) :STLN ULT (INTACT) | M59: Simulation 1 | N59: 28913.029530734762 -169.7503343599716 4092.260160683839 | O59: -3416.54 | P59: -317.238 | Q59: -707.362 | R59: 35983.9 | S59: 28903.18365669609 -170.57830951821083 4057.2249152650916 | T59: 28912.158860361724 -170.24711945491512 4062.259162805919 | U59: 28921.13406402736 -169.91592939161944 4067.293410346747 | V59: 28930.109267692995 -169.58473932832374 4072.327657887575 | W59: 28939.08447135863 -169.25354926502806 4077.3619054284027 | X59: 28948.059675024266 -168.92235920173235 4082.39615296923 | Y59: 28943.0228209741 -168.92235920173235 4091.3760035959012 | Z59: 28937.985966923934 -168.92235920173235 4100.355854222573 | AA59: 28932.949112873768 -168.92235920173235 4109.3357048492435 | AB59: 28927.912258823602 -168.92235920173235 4118.315555475915 | AC59: 28922.875404773436 -168.92235920173235 4127.295406102587 | AD59: 28913.9002011078 -169.25354926502806 4122.261158561759 | AE59: 28904.924997442165 -169.58473932832374 4117.226911020931 | AF59: 28895.94979377653 -169.91592939161944 4112.192663480104 | AG59: 28886.974590110894 -170.24711945491512 4107.158415939276 | AH59: 28877.99938644526 -170.57830951821083 4102.124168398448 | AI59: 28883.036240495425 -170.57830951821083 4093.1443177717765 | AJ59: 28888.07309454559 -170.57830951821083 4084.164467145105 | AK59: 28893.109948595757 -170.57830951821083 4075.184616518434 | AL59: 28898.146802645922 -170.57830951821083 4066.2047658917627 | AM59: 0 | AN59: 0 | AO59: 0 | AP59: 0 | AQ59: 0 | AR59: 0 | AS59: 0 | AT59: 0 | AU59: 0 | AV59: 0 | AW59: 0 | AX59: 0 | AY59: 0 | AZ59: 0 | BA59: 0 | BB59: 0 | BC59: 0 | BD59: 0 | BE59: 0 | BF59: 0 | BG59: 0 | BH59: 0 | BI59: 0 | BJ59: 0 | BK59: 0 | BL59: 0 | BM59: 0 | BN59: 0 | BO59: 0 | BP59: 0 | BQ59: 0 | BR59: 0 | BS59: 0 | BT59: 0 | BU59: 0 | BV59: 0 | BW59: 0 | BX59: 0 | BY59: 0 | BZ59: 0 | CA59: 0 | CB59: 0 | CC59: 0 | CD59: 0 | CE59: 0 | CF59: 0 | CG59: 0 | CH59: 0 | CI59: 0 | CJ59: 0 | CK59: 0 | CL59: 0 | CM59: 0 | CN59: 0 | CO59: 0 | CP59: 0 | CQ59: 0 | CR59: 0 | CS59: 0 | CT59: 0 | CU59: 0 | CV59: 0 | CW59: 0 | CX59: 0 | CY59: 0 | CZ59: 0 | DA59: 0 | DB59: 0 | DC59: 0 | DD59: 0 | DE59: 0 | DF59: 0 | DG59: 0 | DH59: 0 | DI59: 0 | DJ59: 0 | DK59: 0 | DL59: 0 | DM59: 0 | DN59: 0 | DO59: 0 | DP59: 0 | DQ59: 0 | DR59: 0 | DS59: 0 | DT59: 0 | DU59: 0 | DV59: 0 | DW59: 0 | DX59: 0 | DY59: 0 | DZ59: 0 | EA59: 0 | EB59: 0 | EC59: 0 | ED59: 0 | EE59: 0 | EF59: 0 | EG59: 0 | EH59: 0 | EI59: 0 | EJ59: 0 | EK59: 0 | EL59: 0 | EM59: 0 | EN59: 0 | EO59: 0 | EP59: 0 | EQ59: 0 | ER59: 0 | ES59: 0 | ET59: 0 | EU59: 0 | EV59: 0 | EW59: 0 | EX59: 0 | EY59: 0 | EZ59: 0 | FA59: 0 | FB59: 0 | FC59: 0 | FD59: 0 | FE59: 0 | FF59: 0 | FG59: 0 | FH59: 0 | FI59: 0 | FJ59: 0 | FK59: 0 | FL59: 0
A60: 52 | B60: 8 | C60: 2100963 | D60: SpliceOutbLH | E60: 2903010 | F60: 2903010 | G60: 0 | H60: 0 | I60: 51.48 | J60: 3_102_0 | K60: CDR_Pivot_V161_leftdown_all | L60: SUBCASE 102 = STLP ULT (INTACT) :STLP ULT (INTACT) | M60: Simulation 1 | N60: 28913.029530734762 -169.7503343599716 4092.260160683839 | O60: 5661.76 | P60: 250.847 | Q60: 297.128 | R60: 5467.71 | S60: 28903.18365669609 -170.57830951821083 4057.2249152650916 | T60: 28912.158860361724 -170.24711945491512 4062.259162805919 | U60: 28921.13406402736 -169.91592939161944 4067.293410346747 | V60: 28930.109267692995 -169.58473932832374 4072.327657887575 | W60: 28939.08447135863 -169.25354926502806 4077.3619054284027 | X60: 28948.059675024266 -168.92235920173235 4082.39615296923 | Y60: 28943.0228209741 -168.92235920173235 4091.3760035959012 | Z60: 28937.985966923934 -168.92235920173235 4100.355854222573 | AA60: 28932.949112873768 -168.92235920173235 4109.3357048492435 | AB60: 28927.912258823602 -168.92235920173235 4118.315555475915 | AC60: 28922.875404773436 -168.92235920173235 4127.295406102587 | AD60: 28913.9002011078 -169.25354926502806 4122.261158561759 | AE60: 28904.924997442165 -169.58473932832374 4117.226911020931 | AF60: 28895.94979377653 -169.91592939161944 4112.192663480104 | AG60: 28886.974590110894 -170.24711945491512 4107.158415939276 | AH60: 28877.99938644526 -170.57830951821083 4102.124168398448 | AI60: 28883.036240495425 -170.57830951821083 4093.1443177717765 | AJ60: 28888.07309454559 -170.57830951821083 4084.164467145105 | AK60: 28893.109948595757 -170.57830951821083 4075.184616518434 | AL60: 28898.146802645922 -170.57830951821083 4066.2047658917627 | AM60: 0 | AN60: 0 | AO60: 0 | AP60: 0 | AQ60: 0 | AR60: 0 | AS60: 0 | AT60: 0 | AU60: 0 | AV60: 0 | AW60: 0 | AX60: 0 | AY60: 0 | AZ60: 0 | BA60: 0 | BB60: 0 | BC60: 0 | BD60: 0 | BE60: 0 | BF60: 0 | BG60: 0 | BH60: 0 | BI60: 0 | BJ60: 0 | BK60: 0 | BL60: 0 | BM60: 0 | BN60: 0 | BO60: 0 | BP60: 0 | BQ60: 0 | BR60: 0 | BS60: 0 | BT60: 0 | BU60: 0 | BV60: 0 | BW60: 0 | BX60: 0 | BY60: 0 | BZ60: 0 | CA60: 0 | CB60: 0 | CC60: 0 | CD60: 0 | CE60: 0 | CF60: 0 | CG60: 0 | CH60: 0 | CI60: 0 | CJ60: 0 | CK60: 0 | CL60: 0 | CM60: 0 | CN60: 0 | CO60: 0 | CP60: 0 | CQ60: 0 | CR60: 0 | CS60: 0 | CT60: 0 | CU60: 0 | CV60: 0 | CW60: 0 | CX60: 0 | CY60: 0 | CZ60: 0 | DA60: 0 | DB60: 0 | DC60: 0 | DD60: 0 | DE60: 0 | DF60: 0 | DG60: 0 | DH60: 0 | DI60: 0 | DJ60: 0 | DK60: 0 | DL60: 0 | DM60: 0 | DN60: 0 | DO60: 0 | DP60: 0 | DQ60: 0 | DR60: 0 | DS60: 0 | DT60: 0 | DU60: 0 | DV60: 0 | DW60: 0 | DX60: 0 | DY60: 0 | DZ60: 0 | EA60: 0 | EB60: 0 | EC60: 0 | ED60: 0 | EE60: 0 | EF60: 0 | EG60: 0 | EH60: 0 | EI60: 0 | EJ60: 0 | EK60: 0 | EL60: 0 | EM60: 0 | EN60: 0 | EO60: 0 | EP60: 0 | EQ60: 0 | ER60: 0 | ES60: 0 | ET60: 0 | EU60: 0 | EV60: 0 | EW60: 0 | EX60: 0 | EY60: 0 | EZ60: 0 | FA60: 0 | FB60: 0 | FC60: 0 | FD60: 0 | FE60: 0 | FF60: 0 | FG60: 0 | FH60: 0 | FI60: 0 | FJ60: 0 | FK60: 0 | FL60: 0
A61: 53 | B61: 8 | C61: 1101343 | D61: SkinLH | E61: 2903010 | F61: 1903012 | G61: 3903010 | H61: 1903011 | I61: 57.915 | J61: 2_101_0 | K61: CDR_Pivot_V161_rightdown_all | L61: SUBCASE 101 = STLN ULT (INTACT) :STLN ULT (INTACT) | M61: Simulation 1 | N61: 28913.029530734762 -159.54470489091307 4092.260160683839 | O61: -4788.48 | P61: 2207.53 | Q61: -13210 | R61: 35983.9 | S61: 28914.72833431432 -160.62093059627415 4051.3574784108 | T61: 28922.56934291537 -160.19044031412972 4059.872121752438 | U61: 28930.410351516413 -159.75995003198528 4068.386765094076 | V61: 28938.25136011746 -159.32945974984085 4076.9014084357136 | W61: 28946.092368718506 -158.89896946769642 4085.4160517773516 | X61: 28953.933377319554 -158.46847918555198 4093.9306951189897 | Y61: 28945.412847286683 -158.46847918555198 4101.777124686568 | Z61: 28936.892317253813 -158.46847918555198 4109.623554254145 | AA61: 28928.371787220945 -158.46847918555198 4117.469983821723 | AB61: 28919.851257188075 -158.46847918555198 4125.316413389301 | AC61: 28911.330727155204 -158.46847918555198 4133.162842956878 | AD61: 28903.489718554156 -158.89896946769642 4124.648199615241 | AE61: 28895.64870995311 -159.32945974984085 4116.133556273602 | AF61: 28887.807701352063 -159.75995003198528 4107.618912931965 | AG61: 28879.96669275102 -160.19044031412972 4099.104269590326 | AH61: 28872.12568414997 -160.62093059627415 4090.5896262486885 | AI61: 28880.64621418284 -160.62093059627415 4082.743196681111 | AJ61: 28889.166744215712 -160.62093059627415 4074.8967671135333 | AK61: 28897.68727424858 -160.62093059627415 4067.0503375459552 | AL61: 28906.20780428145 -160.62093059627415 4059.2039079783776 | AM61: 1450.83 | AN61: 1555.03 | AO61: 1683.04 | AP61: 1838.64 | AQ61: 2026.8 | AR61: 2239.4 | AS61: 2047.94 | AT61: 1738.97 | AU61: 1353.13 | AV61: 911.278 | AW61: 464.038 | AX61: 461.729 | AY61: 454.978 | AZ61: 449.705 | BA61: 443.58 | BB61: 432.584 | BC61: 677.798 | BD61: 897.544 | BE61: 1105.17 | BF61: 1301.14 | BG61: -395.527 | BH61: -434.539 | BI61: -477.519 | BJ61: -517.573 | BK61: -549.163 | BL61: -563.368 | BM61: -533.425 | BN61: -484.446 | BO61: -426.891 | BP61: -367.378 | BQ61: -325.809 | BR61: -347.437 | BS61: -361.726 | BT61: -374.315 | BU61: -386.531 | BV61: -390.755 | BW61: -392.341 | BX61: -400.283 | BY61: -409.656 | BZ61: -414.312 | CA61: -658.897 | CB61: -692.643 | CC61: -730.19 | CD61: -760.181 | CE61: -772.902 | CF61: -765.689 | CG61: -548.444 | CH61: -394.288 | CI61: -303.536 | CJ61: -258.137 | CK61: -247.516 | CL61: -280.312 | CM61: -314.487 | CN61: -339.984 | CO61: -365.957 | CP61: -383.178 | CQ61: -398.653 | CR61: -443.15 | CS61: -498.282 | CT61: -570.417 | CU61: 12378.2 | CV61: 13335.7 | CW61: 13574.1 | CX61: 13065.3 | CY61: 12085.2 | CZ61: 11144.5 | DA61: 11030.6 | DB61: 10827.5 | DC61: 10802.6 | DD61: 10773.4 | DE61: 10980.3 | DF61: 11174 | DG61: 11173.1 | DH61: 10976.6 | DI61: 10498.6 | DJ61: 9253.02 | DK61: 10210.5 | DL61: 11171 | DM61: 11764.9 | DN61: 12170 | DO61: 3344.14 | DP61: 3319.97 | DQ61: 3272.52 | DR61: 3170.53 | DS61: 2946.96 | DT61: 2485.27 | DU61: 2839.56 | DV61: 2733.13 | DW61: 2361.66 | DX61: 2279.36 | DY61: 2369.14 | DZ61: 2385.38 | EA61: 2453.98 | EB61: 2458.52 | EC61: 2478.5 | ED61: 2522.58 | EE61: 3345.96 | EF61: 4282.91 | EG61: 4748.31 | EH61: 4196.57 | EI61: 265.048 | EJ61: 412.66 | EK61: 327.854 | EL61: 130.049 | EM61: 62.3002 | EN61: 230.533 | EO61: 708.073 | EP61: 1269.34 | EQ61: 1527.84 | ER61: 1467.5 | ES61: 1401.49 | ET61: 1586.73 | EU61: 1729.86 | EV61: 1650.74 | EW61: 1322.46 | EX61: 810.625 | EY61: 402.226 | EZ61: 16.4858 | FA61: 176.279 | FB61: 419.266 | FC61: 977.511 | FD61: 1459.13 | FE61: -364.429 | FF61: -489.615 | FG61: -321.906 | FH61: -730.084 | FI61: -11042.2 | FJ61: -2767.29 | FK61: -776.044 | FL61: 0
A62: 54 | B62: 8 | C62: 1101343 | D62: SkinLH | E62: 2903010 | F62: 1903012 | G62: 3903010 | H62: 1903011 | I62: 57.915 | J62: 3_102_0 | K62: CDR_Pivot_V161_leftdown_all | L62: SUBCASE 102 = STLP ULT (INTACT) :STLP ULT (INTACT) | M62: Simulation 1 | N62: 28913.029530734762 -159.54470489091307 4092.260160683839 | O62: 4612.47 | P62: -2900.54 | Q62: 14475.3 | R62: 5467.71 | S62: 28914.72833431432 -160.62093059627415 4051.3574784108 | T62: 28922.56934291537 -160.19044031412972 4059.872121752438 | U62: 28930.410351516413 -159.75995003198528 4068.386765094076 | V62: 28938.25136011746 -159.32945974984085 4076.9014084357136 | W62: 28946.092368718506 -158.89896946769642 4085.4160517773516 | X62: 28953.933377319554 -158.46847918555198 4093.9306951189897 | Y62: 28945.412847286683 -158.46847918555198 4101.777124686568 | Z62: 28936.892317253813 -158.46847918555198 4109.623554254145 | AA62: 28928.371787220945 -158.46847918555198 4117.469983821723 | AB62: 28919.851257188075 -158.46847918555198 4125.316413389301 | AC62: 28911.330727155204 -158.46847918555198 4133.162842956878 | AD62: 28903.489718554156 -158.89896946769642 4124.648199615241 | AE62: 28895.64870995311 -159.32945974984085 4116.133556273602 | AF62: 28887.807701352063 -159.75995003198528 4107.618912931965 | AG62: 28879.96669275102 -160.19044031412972 4099.104269590326 | AH62: 28872.12568414997 -160.62093059627415 4090.5896262486885 | AI62: 28880.64621418284 -160.62093059627415 4082.743196681111 | AJ62: 28889.166744215712 -160.62093059627415 4074.8967671135333 | AK62: 28897.68727424858 -160.62093059627415 4067.0503375459552 | AL62: 28906.20780428145 -160.62093059627415 4059.2039079783776 | AM62: -897.201 | AN62: -871.339 | AO62: -844.053 | AP62: -813.727 | AQ62: -777.569 | AR62: -740.234 | AS62: -614.33 | AT62: -506.614 | AU62: -380.764 | AV62: -219.619 | AW62: -47.1111 | AX62: -45.5602 | AY62: -47.4454 | AZ62: -60.6774 | BA62: -80.3275 | BB62: -101.408 | BC62: -241.979 | BD62: -367.469 | BE62: -510.495 | BF62: -697.063 | BG62: 263.586 | BH62: 279.906 | BI62: 304.01 | BJ62: 332.796 | BK62: 366.983 | BL62: 418.513 | BM62: 437.279 | BN62: 449.417 | BO62: 449.079 | BP62: 434.767 | BQ62: 424.034 | BR62: 393.452 | BS62: 366.766 | BT62: 351.64 | BU62: 345.773 | BV62: 340.216 | BW62: 310.776 | BX62: 289.112 | BY62: 275.511 | BZ62: 272.35 | CA62: 377.586 | CB62: 393.784 | CC62: 419.67 | CD62: 449.321 | CE62: 475.069 | CF62: 494.202 | CG62: 523.405 | CH62: 541.104 | CI62: 560.166 | CJ62: 569.849 | CK62: 568.612 | CL62: 572.955 | CM62: 566.104 | CN62: 551.351 | CO62: 535.835 | CP62: 518.416 | CQ62: 489.564 | CR62: 470.981 | CS62: 439.751 | CT62: 403.99 | CU62: -11695.9 | CV62: -12392.3 | CW62: -12230.6 | CX62: -11198.3 | CY62: -9612.29 | CZ62: -8006.78 | DA62: -7609.07 | DB62: -7336.73 | DC62: -7390.83 | DD62: -7530 | DE62: -7960.22 | DF62: -8454.68 | DG62: -8812.95 | DH62: -8988.75 | DI62: -8853.04 | DJ62: -7857.9 | DK62: -8909.77 | DL62: -9959.07 | DM62: -10693.2 | DN62: -11290.5 | DO62: -2506.76 | DP62: -2273.47 | DQ62: -2002.16 | DR62: -1660.13 | DS62: -1179.01 | DT62: -463.002 | DU62: -1316.58 | DV62: -1657.89 | DW62: -1676.58 | DX62: -1921.98 | DY62: -2216.31 | DZ62: -2095.07 | EA62: -2055.69 | EB62: -1986.52 | EC62: -1962.04 | ED62: -1996.98 | EE62: -2762.9 | EF62: -3659.75 | EG62: -4052.54 | EH62: -3389.49 | EI62: -513.546 | EJ62: -770.336 | EK62: -804.06 | EL62: -754.034 | EM62: -895.904 | EN62: -1335.19 | EO62: -1810.88 | EP62: -2227.16 | EQ62: -2279.37 | ER62: -2008.59 | ES62: -1737.59 | ET62: -1991.85 | EU62: -2162.06 | EV62: -2059.59 | EW62: -1673.08 | EX62: -1092.26 | EY62: -736.92 | EZ62: -405.081 | FA62: -601.677 | FB62: -793.857 | FC62: -418.112 | FD62: -469.269 | FE62: 327.632 | FF62: 370.314 | FG62: 434.939 | FH62: 552.212 | FI62: 8853.34 | FJ62: 1866.43 | FK62: 1305.49 | FL62: 0
A63: 55 | B63: 8 | C63: 3102658 | D63: SpliceInbLH | E63: 3903010 | F63: 3903012 | G63: 5903010 | H63: 3903013 | I63: 51.48 | J63: 2_101_0 | K63: CDR_Pivot_V161_rightdown_all | L63: SUBCASE 101 = STLN ULT (INTACT) :STLN ULT (INTACT) | M63: Simulation 1 | N63: 28913.029530734762 -149.21250202444992 4092.260160683839 | O63: 39355.3 | P63: 22985.7 | Q63: 173.219 | R63: 35983.9 | S63: 28916.709823129248 -149.05818721281696 4128.475169103415 | T63: 28923.216779560917 -149.11991313747015 4120.496239105816 | U63: 28929.723735992586 -149.18163906212334 4112.517309108217 | V63: 28936.23069242425 -149.2433649867765 4104.538379110619 | W63: 28942.73764885592 -149.3050909114297 4096.55944911302 | X63: 28949.24460528759 -149.36681683608288 4088.58051911542 | Y63: 28941.265531898127 -149.36681683608288 4082.0734457451886 | Z63: 28933.286458508665 -149.36681683608288 4075.5663723749567 | AA63: 28925.307385119202 -149.36681683608288 4069.0592990047253 | AB63: 28917.32831172974 -149.36681683608288 4062.5522256344934 | AC63: 28909.349238340277 -149.36681683608288 4056.045152264262 | AD63: 28902.842281908608 -149.3050909114297 4064.024082261861 | AE63: 28896.33532547694 -149.2433649867765 4072.0030122594603 | AF63: 28889.828369045274 -149.18163906212334 4079.9819422570595 | AG63: 28883.321412613604 -149.11991313747015 4087.9608722546586 | AH63: 28876.814456181935 -149.05818721281696 4095.939802252258 | AI63: 28884.793529571398 -149.05818721281696 4102.446875622489 | AJ63: 28892.77260296086 -149.05818721281696 4108.953948992721 | AK63: 28900.751676350323 -149.05818721281696 4115.4610223629525 | AL63: 28908.730749739785 -149.05818721281696 4121.968095733184 | AM63: 0 | AN63: 0 | AO63: 0 | AP63: 0 | AQ63: 0 | AR63: 0 | AS63: 0 | AT63: 0 | AU63: 0 | AV63: 0 | AW63: 0 | AX63: 0 | AY63: 0 | AZ63: 0 | BA63: 0 | BB63: 0 | BC63: 0 | BD63: 0 | BE63: 0 | BF63: 0 | BG63: 0 | BH63: 0 | BI63: 0 | BJ63: 0 | BK63: 0 | BL63: 0 | BM63: 0 | BN63: 0 | BO63: 0 | BP63: 0 | BQ63: 0 | BR63: 0 | BS63: 0 | BT63: 0 | BU63: 0 | BV63: 0 | BW63: 0 | BX63: 0 | BY63: 0 | BZ63: 0 | CA63: 0 | CB63: 0 | CC63: 0 | CD63: 0 | CE63: 0 | CF63: 0 | CG63: 0 | CH63: 0 | CI63: 0 | CJ63: 0 | CK63: 0 | CL63: 0 | CM63: 0 | CN63: 0 | CO63: 0 | CP63: 0 | CQ63: 0 | CR63: 0 | CS63: 0 | CT63: 0 | CU63: 0 | CV63: 0 | CW63: 0 | CX63: 0 | CY63: 0 | CZ63: 0 | DA63: 0 | DB63: 0 | DC63: 0 | DD63: 0 | DE63: 0 | DF63: 0 | DG63: 0 | DH63: 0 | DI63: 0 | DJ63: 0 | DK63: 0 | DL63: 0 | DM63: 0 | DN63: 0 | DO63: 0 | DP63: 0 | DQ63: 0 | DR63: 0 | DS63: 0 | DT63: 0 | DU63: 0 | DV63: 0 | DW63: 0 | DX63: 0 | DY63: 0 | DZ63: 0 | EA63: 0 | EB63: 0 | EC63: 0 | ED63: 0 | EE63: 0 | EF63: 0 | EG63: 0 | EH63: 0 | EI63: 0 | EJ63: 0 | EK63: 0 | EL63: 0 | EM63: 0 | EN63: 0 | EO63: 0 | EP63: 0 | EQ63: 0 | ER63: 0 | ES63: 0 | ET63: 0 | EU63: 0 | EV63: 0 | EW63: 0 | EX63: 0 | EY63: 0 | EZ63: 0 | FA63: 0 | FB63: 0 | FC63: 0 | FD63: 0 | FE63: 0 | FF63: 0 | FG63: 0 | FH63: 0 | FI63: 0 | FJ63: 0 | FK63: 0 | FL63: 0
A64: 56 | B64: 8 | C64: 3102658 | D64: SpliceInbLH | E64: 3903010 | F64: 3903012 | G64: 5903010 | H64: 3903013 | I64: 51.48 | J64: 3_102_0 | K64: CDR_Pivot_V161_leftdown_all | L64: SUBCASE 102 = STLP ULT (INTACT) :STLP ULT (INTACT) | M64: Simulation 1 | N64: 28913.029530734762 -149.21250202444992 4092.260160683839 | O64: -39715.2 | P64: -19863.6 | Q64: 680.887 | R64: 5467.71 | S64: 28916.709823129248 -149.05818721281696 4128.475169103415 | T64: 28923.216779560917 -149.11991313747015 4120.496239105816 | U64: 28929.723735992586 -149.18163906212334 4112.517309108217 | V64: 28936.23069242425 -149.2433649867765 4104.538379110619 | W64: 28942.73764885592 -149.3050909114297 4096.55944911302 | X64: 28949.24460528759 -149.36681683608288 4088.58051911542 | Y64: 28941.265531898127 -149.36681683608288 4082.0734457451886 | Z64: 28933.286458508665 -149.36681683608288 4075.5663723749567 | AA64: 28925.307385119202 -149.36681683608288 4069.0592990047253 | AB64: 28917.32831172974 -149.36681683608288 4062.5522256344934 | AC64: 28909.349238340277 -149.36681683608288 4056.045152264262 | AD64: 28902.842281908608 -149.3050909114297 4064.024082261861 | AE64: 28896.33532547694 -149.2433649867765 4072.0030122594603 | AF64: 28889.828369045274 -149.18163906212334 4079.9819422570595 | AG64: 28883.321412613604 -149.11991313747015 4087.9608722546586 | AH64: 28876.814456181935 -149.05818721281696 4095.939802252258 | AI64: 28884.793529571398 -149.05818721281696 4102.446875622489 | AJ64: 28892.77260296086 -149.05818721281696 4108.953948992721 | AK64: 28900.751676350323 -149.05818721281696 4115.4610223629525 | AL64: 28908.730749739785 -149.05818721281696 4121.968095733184 | AM64: 0 | AN64: 0 | AO64: 0 | AP64: 0 | AQ64: 0 | AR64: 0 | AS64: 0 | AT64: 0 | AU64: 0 | AV64: 0 | AW64: 0 | AX64: 0 | AY64: 0 | AZ64: 0 | BA64: 0 | BB64: 0 | BC64: 0 | BD64: 0 | BE64: 0 | BF64: 0 | BG64: 0 | BH64: 0 | BI64: 0 | BJ64: 0 | BK64: 0 | BL64: 0 | BM64: 0 | BN64: 0 | BO64: 0 | BP64: 0 | BQ64: 0 | BR64: 0 | BS64: 0 | BT64: 0 | BU64: 0 | BV64: 0 | BW64: 0 | BX64: 0 | BY64: 0 | BZ64: 0 | CA64: 0 | CB64: 0 | CC64: 0 | CD64: 0 | CE64: 0 | CF64: 0 | CG64: 0 | CH64: 0 | CI64: 0 | CJ64: 0 | CK64: 0 | CL64: 0 | CM64: 0 | CN64: 0 | CO64: 0 | CP64: 0 | CQ64: 0 | CR64: 0 | CS64: 0 | CT64: 0 | CU64: 0 | CV64: 0 | CW64: 0 | CX64: 0 | CY64: 0 | CZ64: 0 | DA64: 0 | DB64: 0 | DC64: 0 | DD64: 0 | DE64: 0 | DF64: 0 | DG64: 0 | DH64: 0 | DI64: 0 | DJ64: 0 | DK64: 0 | DL64: 0 | DM64: 0 | DN64: 0 | DO64: 0 | DP64: 0 | DQ64: 0 | DR64: 0 | DS64: 0 | DT64: 0 | DU64: 0 | DV64: 0 | DW64: 0 | DX64: 0 | DY64: 0 | DZ64: 0 | EA64: 0 | EB64: 0 | EC64: 0 | ED64: 0 | EE64: 0 | EF64: 0 | EG64: 0 | EH64: 0 | EI64: 0 | EJ64: 0 | EK64: 0 | EL64: 0 | EM64: 0 | EN64: 0 | EO64: 0 | EP64: 0 | EQ64: 0 | ER64: 0 | ES64: 0 | ET64: 0 | EU64: 0 | EV64: 0 | EW64: 0 | EX64: 0 | EY64: 0 | EZ64: 0 | FA64: 0 | FB64: 0 | FC64: 0 | FD64: 0 | FE64: 0 | FF64: 0 | FG64: 0 | FH64: 0 | FI64: 0 | FJ64: 0 | FK64: 0 | FL64: 0
A65: 57 | B65: 8 | C65: 6303881 | D65: Rib09_new | E65: 5903010 | F65: 5903010 | G65: 0 | H65: 0 | I65: 51.48 | J65: 2_101_0 | K65: CDR_Pivot_V161_rightdown_all | L65: SUBCASE 101 = STLN ULT (INTACT) :STLN ULT (INTACT) | M65: Simulation 1 | N65: 28913.029530734762 -140.50553752987076 4092.260160683839 | O65: -43398.1 | P65: -28400.2 | Q65: 13374.7 | R65: 35983.9 | S65: 28918.61786179032 -140.602037726038 4128.230376748322 | T65: 28924.694246646533 -140.5634376475711 4119.91871788182 | U65: 28930.77063150275 -140.52483756910422 4111.607059015318 | V65: 28936.847016358963 -140.4862374906373 4103.295400148816 | W65: 28942.92340121518 -140.44763741217042 4094.9837412823135 | X65: 28948.999786071392 -140.40903733370354 4086.6720824158115 | Y65: 28940.688068792955 -140.40903733370354 4080.5956548565205 | Z65: 28932.37635151452 -140.40903733370354 4074.519227297229 | AA65: 28924.064634236078 -140.40903733370354 4068.442799737938 | AB65: 28915.75291695764 -140.40903733370354 4062.3663721786465 | AC65: 28908.207297496538 -140.97653972762964 4056.904222351531 | AD65: 28901.720313703758 -141.02408463590143 4064.883751458846 | AE65: 28895.288429966775 -140.4862374906373 4072.913262352359 | AF65: 28889.212045110562 -140.52483756910422 4081.2249212188617 | AG65: 28883.135660254346 -140.5634376475711 4089.5365800853638 | AH65: 28877.059275398133 -140.602037726038 4097.848238951866 | AI65: 28885.37099267657 -140.602037726038 4103.924666511157 | AJ65: 28893.682709955006 -140.602037726038 4110.001094070449 | AK65: 28901.994427233447 -140.602037726038 4116.07752162974 | AL65: 28910.306144511884 -140.602037726038 4122.153949189031 | AM65: 0 | AN65: 0 | AO65: 0 | AP65: 0 | AQ65: 0 | AR65: 0 | AS65: 0 | AT65: 0 | AU65: 0 | AV65: 0 | AW65: 0 | AX65: 0 | AY65: 0 | AZ65: 0 | BA65: 0 | BB65: 0 | BC65: 0 | BD65: 0 | BE65: 0 | BF65: 0 | BG65: 0 | BH65: 0 | BI65: 0 | BJ65: 0 | BK65: 0 | BL65: 0 | BM65: 0 | BN65: 0 | BO65: 0 | BP65: 0 | BQ65: 0 | BR65: 0 | BS65: 0 | BT65: 0 | BU65: 0 | BV65: 0 | BW65: 0 | BX65: 0 | BY65: 0 | BZ65: 0 | CA65: 0 | CB65: 0 | CC65: 0 | CD65: 0 | CE65: 0 | CF65: 0 | CG65: 0 | CH65: 0 | CI65: 0 | CJ65: 0 | CK65: 0 | CL65: 0 | CM65: 0 | CN65: 0 | CO65: 0 | CP65: 0 | CQ65: 0 | CR65: 0 | CS65: 0 | CT65: 0 | CU65: 0 | CV65: 0 | CW65: 0 | CX65: 0 | CY65: 0 | CZ65: 0 | DA65: 0 | DB65: 0 | DC65: 0 | DD65: 0 | DE65: 0 | DF65: 0 | DG65: 0 | DH65: 0 | DI65: 0 | DJ65: 0 | DK65: 0 | DL65: 0 | DM65: 0 | DN65: 0 | DO65: 0 | DP65: 0 | DQ65: 0 | DR65: 0 | DS65: 0 | DT65: 0 | DU65: 0 | DV65: 0 | DW65: 0 | DX65: 0 | DY65: 0 | DZ65: 0 | EA65: 0 | EB65: 0 | EC65: 0 | ED65: 0 | EE65: 0 | EF65: 0 | EG65: 0 | EH65: 0 | EI65: 0 | EJ65: 0 | EK65: 0 | EL65: 0 | EM65: 0 | EN65: 0 | EO65: 0 | EP65: 0 | EQ65: 0 | ER65: 0 | ES65: 0 | ET65: 0 | EU65: 0 | EV65: 0 | EW65: 0 | EX65: 0 | EY65: 0 | EZ65: 0 | FA65: 0 | FB65: 0 | FC65: 0 | FD65: 0 | FE65: 0 | FF65: 0 | FG65: 0 | FH65: 0 | FI65: 0 | FJ65: 0 | FK65: 0 | FL65: 0 | FM65: Pt11 12 modified
A66: 58 | B66: 8 | C66: 6303881 | D66: Rib09_new | E66: 5903010 | F66: 5903010 | G66: 0 | H66: 0 | I66: 51.48 | J66: 3_102_0 | K66: CDR_Pivot_V161_leftdown_all | L66: SUBCASE 102 = STLP ULT (INTACT) :STLP ULT (INTACT) | M66: Simulation 1 | N66: 28913.029530734762 -140.50553752987076 4092.260160683839 | O66: 43879.2 | P66: 27137.9 | Q66: -15861.7 | R66: 5467.71 | S66: 28918.61786179032 -140.602037726038 4128.230376748322 | T66: 28924.694246646533 -140.5634376475711 4119.91871788182 | U66: 28930.77063150275 -140.52483756910422 4111.607059015318 | V66: 28936.847016358963 -140.4862374906373 4103.295400148816 | W66: 28942.92340121518 -140.44763741217042 4094.9837412823135 | X66: 28948.999786071392 -140.40903733370354 4086.6720824158115 | Y66: 28940.688068792955 -140.40903733370354 4080.5956548565205 | Z66: 28932.37635151452 -140.40903733370354 4074.519227297229 | AA66: 28924.064634236078 -140.40903733370354 4068.442799737938 | AB66: 28915.75291695764 -140.40903733370354 4062.3663721786465 | AC66: 28908.207297496538 -140.97653972762964 4056.904222351531 | AD66: 28901.720313703758 -141.02408463590143 4064.883751458846 | AE66: 28895.288429966775 -140.4862374906373 4072.913262352359 | AF66: 28889.212045110562 -140.52483756910422 4081.2249212188617 | AG66: 28883.135660254346 -140.5634376475711 4089.5365800853638 | AH66: 28877.059275398133 -140.602037726038 4097.848238951866 | AI66: 28885.37099267657 -140.602037726038 4103.924666511157 | AJ66: 28893.682709955006 -140.602037726038 4110.001094070449 | AK66: 28901.994427233447 -140.602037726038 4116.07752162974 | AL66: 28910.306144511884 -140.602037726038 4122.153949189031 | AM66: 0 | AN66: 0 | AO66: 0 | AP66: 0 | AQ66: 0 | AR66: 0 | AS66: 0 | AT66: 0 | AU66: 0 | AV66: 0 | AW66: 0 | AX66: 0 | AY66: 0 | AZ66: 0 | BA66: 0 | BB66: 0 | BC66: 0 | BD66: 0 | BE66: 0 | BF66: 0 | BG66: 0 | BH66: 0 | BI66: 0 | BJ66: 0 | BK66: 0 | BL66: 0 | BM66: 0 | BN66: 0 | BO66: 0 | BP66: 0 | BQ66: 0 | BR66: 0 | BS66: 0 | BT66: 0 | BU66: 0 | BV66: 0 | BW66: 0 | BX66: 0 | BY66: 0 | BZ66: 0 | CA66: 0 | CB66: 0 | CC66: 0 | CD66: 0 | CE66: 0 | CF66: 0 | CG66: 0 | CH66: 0 | CI66: 0 | CJ66: 0 | CK66: 0 | CL66: 0 | CM66: 0 | CN66: 0 | CO66: 0 | CP66: 0 | CQ66: 0 | CR66: 0 | CS66: 0 | CT66: 0 | CU66: 0 | CV66: 0 | CW66: 0 | CX66: 0 | CY66: 0 | CZ66: 0 | DA66: 0 | DB66: 0 | DC66: 0 | DD66: 0 | DE66: 0 | DF66: 0 | DG66: 0 | DH66: 0 | DI66: 0 | DJ66: 0 | DK66: 0 | DL66: 0 | DM66: 0 | DN66: 0 | DO66: 0 | DP66: 0 | DQ66: 0 | DR66: 0 | DS66: 0 | DT66: 0 | DU66: 0 | DV66: 0 | DW66: 0 | DX66: 0 | DY66: 0 | DZ66: 0 | EA66: 0 | EB66: 0 | EC66: 0 | ED66: 0 | EE66: 0 | EF66: 0 | EG66: 0 | EH66: 0 | EI66: 0 | EJ66: 0 | EK66: 0 | EL66: 0 | EM66: 0 | EN66: 0 | EO66: 0 | EP66: 0 | EQ66: 0 | ER66: 0 | ES66: 0 | ET66: 0 | EU66: 0 | EV66: 0 | EW66: 0 | EX66: 0 | EY66: 0 | EZ66: 0 | FA66: 0 | FB66: 0 | FC66: 0 | FD66: 0 | FE66: 0 | FF66: 0 | FG66: 0 | FH66: 0 | FI66: 0 | FJ66: 0 | FK66: 0 | FL66: 0 | FM66: Pt11 12 modified
A67: 59 | B67: 9 | C67: 3102161 | D67: SpliceInbLH | E67: 3904010 | F67: 3904012 | G67: 0 | H67: 0 | I67: 51.48 | J67: 2_101_0 | K67: CDR_Pivot_V161_rightdown_all | L67: SUBCASE 101 = STLN ULT (INTACT) :STLN ULT (INTACT) | M67: Simulation 1 | N67: 28958.659432458808 -149.33887198048694 4036.523864355774 | O67: -3005.13 | P67: -13071.5 | Q67: 17611.8 | R67: 12424.1 | S67: 28958.89531735435 -149.5164308177591 4072.9245241186873 | T67: 28966.12827344824 -149.44540728285025 4065.5973884026434 | U67: 28973.361229542134 -149.37438374794138 4058.2702526866 | V67: 28980.594185636022 -149.3033602130325 4050.9431169705563 | W67: 28987.827141729915 -149.23233667812363 4043.615981254513 | X67: 28995.060097823807 -149.16131314321478 4036.288845538469 | Y67: 28987.7327877717 -149.16131314321478 4029.0557173493476 | Z67: 28980.405477719592 -149.16131314321478 4021.822589160226 | AA67: 28973.07816766748 -149.16131314321478 4014.589460971104 | AB67: 28965.750857615374 -149.16131314321478 4007.3563327819825 | AC67: 28958.423547563267 -149.16131314321478 4000.123204592861 | AD67: 28951.190591469374 -149.23233667812363 4007.4503403089047 | AE67: 28943.957635375482 -149.3033602130325 4014.777476024948 | AF67: 28936.724679281593 -149.37438374794138 4022.104611740992 | AG67: 28929.4917231877 -149.44540728285025 4029.4317474570353 | AH67: 28922.25876709381 -149.5164308177591 4036.758883173079 | AI67: 28929.586077145916 -149.5164308177591 4043.9920113622006 | AJ67: 28936.913387198023 -149.5164308177591 4051.225139551322 | AK67: 28944.240697250134 -149.5164308177591 4058.458267740444 | AL67: 28951.56800730224 -149.5164308177591 4065.6913959295657 | AM67: 0 | AN67: 0 | AO67: 0 | AP67: 0 | AQ67: 0 | AR67: 0 | AS67: 0 | AT67: 0 | AU67: 0 | AV67: 0 | AW67: 0 | AX67: 0 | AY67: 0 | AZ67: 0 | BA67: 0 | BB67: 0 | BC67: 0 | BD67: 0 | BE67: 0 | BF67: 0 | BG67: 0 | BH67: 0 | BI67: 0 | BJ67: 0 | BK67: 0 | BL67: 0 | BM67: 0 | BN67: 0 | BO67: 0 | BP67: 0 | BQ67: 0 | BR67: 0 | BS67: 0 | BT67: 0 | BU67: 0 | BV67: 0 | BW67: 0 | BX67: 0 | BY67: 0 | BZ67: 0 | CA67: 0 | CB67: 0 | CC67: 0 | CD67: 0 | CE67: 0 | CF67: 0 | CG67: 0 | CH67: 0 | CI67: 0 | CJ67: 0 | CK67: 0 | CL67: 0 | CM67: 0 | CN67: 0 | CO67: 0 | CP67: 0 | CQ67: 0 | CR67: 0 | CS67: 0 | CT67: 0 | CU67: 0 | CV67: 0 | CW67: 0 | CX67: 0 | CY67: 0 | CZ67: 0 | DA67: 0 | DB67: 0 | DC67: 0 | DD67: 0 | DE67: 0 | DF67: 0 | DG67: 0 | DH67: 0 | DI67: 0 | DJ67: 0 | DK67: 0 | DL67: 0 | DM67: 0 | DN67: 0 | DO67: 0 | DP67: 0 | DQ67: 0 | DR67: 0 | DS67: 0 | DT67: 0 | DU67: 0 | DV67: 0 | DW67: 0 | DX67: 0 | DY67: 0 | DZ67: 0 | EA67: 0 | EB67: 0 | EC67: 0 | ED67: 0 | EE67: 0 | EF67: 0 | EG67: 0 | EH67: 0 | EI67: 0 | EJ67: 0 | EK67: 0 | EL67: 0 | EM67: 0 | EN67: 0 | EO67: 0 | EP67: 0 | EQ67: 0 | ER67: 0 | ES67: 0 | ET67: 0 | EU67: 0 | EV67: 0 | EW67: 0 | EX67: 0 | EY67: 0 | EZ67: 0 | FA67: 0 | FB67: 0 | FC67: 0 | FD67: 0 | FE67: 0 | FF67: 0 | FG67: 0 | FH67: 0 | FI67: 0 | FJ67: 0 | FK67: 0 | FL67: 0
A68: 60 | B68: 9 | C68: 3102161 | D68: SpliceInbLH | E68: 3904010 | F68: 3904012 | G68: 0 | H68: 0 | I68: 51.48 | J68: 3_102_0 | K68: CDR_Pivot_V161_leftdown_all | L68: SUBCASE 102 = STLP ULT (INTACT) :STLP ULT (INTACT) | M68: Simulation 1 | N68: 28958.659432458808 -149.33887198048694 4036.523864355774 | O68: 1765.63 | P68: 19692.7 | Q68: -18170.6 | R68: 17029.5 | S68: 28958.89531735435 -149.5164308177591 4072.9245241186873 | T68: 28966.12827344824 -149.44540728285025 4065.5973884026434 | U68: 28973.361229542134 -149.37438374794138 4058.2702526866 | V68: 28980.594185636022 -149.3033602130325 4050.9431169705563 | W68: 28987.827141729915 -149.23233667812363 4043.615981254513 | X68: 28995.060097823807 -149.16131314321478 4036.288845538469 | Y68: 28987.7327877717 -149.16131314321478 4029.0557173493476 | Z68: 28980.405477719592 -149.16131314321478 4021.822589160226 | AA68: 28973.07816766748 -149.16131314321478 4014.589460971104 | AB68: 28965.750857615374 -149.16131314321478 4007.3563327819825 | AC68: 28958.423547563267 -149.16131314321478 4000.123204592861 | AD68: 28951.190591469374 -149.23233667812363 4007.4503403089047 | AE68: 28943.957635375482 -149.3033602130325 4014.777476024948 | AF68: 28936.724679281593 -149.37438374794138 4022.104611740992 | AG68: 28929.4917231877 -149.44540728285025 4029.4317474570353 | AH68: 28922.25876709381 -149.5164308177591 4036.758883173079 | AI68: 28929.586077145916 -149.5164308177591 4043.9920113622006 | AJ68: 28936.913387198023 -149.5164308177591 4051.225139551322 | AK68: 28944.240697250134 -149.5164308177591 4058.458267740444 | AL68: 28951.56800730224 -149.5164308177591 4065.6913959295657 | AM68: 0 | AN68: 0 | AO68: 0 | AP68: 0 | AQ68: 0 | AR68: 0 | AS68: 0 | AT68: 0 | AU68: 0 | AV68: 0 | AW68: 0 | AX68: 0 | AY68: 0 | AZ68: 0 | BA68: 0 | BB68: 0 | BC68: 0 | BD68: 0 | BE68: 0 | BF68: 0 | BG68: 0 | BH68: 0 | BI68: 0 | BJ68: 0 | BK68: 0 | BL68: 0 | BM68: 0 | BN68: 0 | BO68: 0 | BP68: 0 | BQ68: 0 | BR68: 0 | BS68: 0 | BT68: 0 | BU68: 0 | BV68: 0 | BW68: 0 | BX68: 0 | BY68: 0 | BZ68: 0 | CA68: 0 | CB68: 0 | CC68: 0 | CD68: 0 | CE68: 0 | CF68: 0 | CG68: 0 | CH68: 0 | CI68: 0 | CJ68: 0 | CK68: 0 | CL68: 0 | CM68: 0 | CN68: 0 | CO68: 0 | CP68: 0 | CQ68: 0 | CR68: 0 | CS68: 0 | CT68: 0 | CU68: 0 | CV68: 0 | CW68: 0 | CX68: 0 | CY68: 0 | CZ68: 0 | DA68: 0 | DB68: 0 | DC68: 0 | DD68: 0 | DE68: 0 | DF68: 0 | DG68: 0 | DH68: 0 | DI68: 0 | DJ68: 0 | DK68: 0 | DL68: 0 | DM68: 0 | DN68: 0 | DO68: 0 | DP68: 0 | DQ68: 0 | DR68: 0 | DS68: 0 | DT68: 0 | DU68: 0 | DV68: 0 | DW68: 0 | DX68: 0 | DY68: 0 | DZ68: 0 | EA68: 0 | EB68: 0 | EC68: 0 | ED68: 0 | EE68: 0 | EF68: 0 | EG68: 0 | EH68: 0 | EI68: 0 | EJ68: 0 | EK68: 0 | EL68: 0 | EM68: 0 | EN68: 0 | EO68: 0 | EP68: 0 | EQ68: 0 | ER68: 0 | ES68: 0 | ET68: 0 | EU68: 0 | EV68: 0 | EW68: 0 | EX68: 0 | EY68: 0 | EZ68: 0 | FA68: 0 | FB68: 0 | FC68: 0 | FD68: 0 | FE68: 0 | FF68: 0 | FG68: 0 | FH68: 0 | FI68: 0 | FJ68: 0 | FK68: 0 | FL68: 0
A69: 61 | B69: 9 | C69: 1101310 | D69: SkinLH | E69: 3904010 | F69: 1904011 | G69: 2904010 | H69: 1904012 | I69: 57.915 | J69: 2_101_0 | K69: CDR_Pivot_V161_rightdown_all | L69: SUBCASE 101 = STLN ULT (INTACT) :STLN ULT (INTACT) | M69: Simulation 1 | N69: 28958.659432458808 -159.69656664434865 4036.523864355774 | O69: 853.707 | P69: 5224.18 | Q69: -18174.1 | R69: 12424.1 | S69: 28917.753435413448 -160.67399567663597 4034.845278429573 | T69: 28925.594254505217 -160.28302406372103 4043.362002340093 | U69: 28933.43507359699 -159.89205245080612 4051.8787262506125 | V69: 28941.275892688758 -159.50108083789118 4060.395450161132 | W69: 28949.11671178053 -159.11010922497627 4068.9121740716514 | X69: 28956.9575308723 -158.71913761206133 4077.4288979821713 | Y69: 28965.479110598673 -158.71913761206133 4069.583608442132 | Z69: 28974.000690325047 -158.71913761206133 4061.738318902093 | AA69: 28982.52227005142 -158.71913761206133 4053.8930293620533 | AB69: 28991.043849777794 -158.71913761206133 4046.047739822014 | AC69: 28999.565429504168 -158.71913761206133 4038.202450281975 | AD69: 28991.7246104124 -159.11010922497627 4029.685726371455 | AE69: 28983.883791320626 -159.50108083789118 4021.1690024609356 | AF69: 28976.042972228857 -159.89205245080612 4012.652278550416 | AG69: 28968.202153137085 -160.28302406372103 4004.135554639897 | AH69: 28960.361334045316 -160.67399567663597 3995.618830729377 | AI69: 28951.839754318942 -160.67399567663597 4003.464120269416 | AJ69: 28943.31817459257 -160.67399567663597 4011.3094098094552 | AK69: 28934.796594866195 -160.67399567663597 4019.154699349495 | AL69: 28926.27501513982 -160.67399567663597 4026.999988889534 | AM69: 1489.63 | AN69: 1559.21 | AO69: 1641.76 | AP69: 1758.46 | AQ69: 1910.34 | AR69: 2087.35 | AS69: 1971.49 | AT69: 1717.3 | AU69: 1392.64 | AV69: 1084.26 | AW69: 865.846 | AX69: 1034.6 | AY69: 1171.3 | AZ69: 1287.72 | BA69: 1375.47 | BB69: 1458.02 | BC69: 1464.07 | BD69: 1493.66 | BE69: 1528.75 | BF69: 1530.66 | BG69: -326.928 | BH69: -349.916 | BI69: -378.291 | BJ69: -424.625 | BK69: -480.069 | BL69: -527.422 | BM69: -469.801 | BN69: -380.382 | BO69: -272.628 | BP69: -171.759 | BQ69: -93.1923 | BR69: -67.1797 | BS69: -42.6996 | BT69: -19.314 | BU69: 0.623554 | BV69: 3.9736 | BW69: -66.2167 | BX69: -140.334 | BY69: -213.267 | BZ69: -275.505 | CA69: -710.859 | CB69: -760.571 | CC69: -825.72 | CD69: -898.2 | CE69: -961.906 | CF69: -1010.18 | CG69: -1190.97 | CH69: -1304.83 | CI69: -1332.69 | CJ69: -1272.7 | CK69: -1118.55 | CL69: -1042.64 | CM69: -957.55 | CN69: -861.703 | CO69: -772.039 | CP69: -697.314 | CQ69: -764.396 | CR69: -803.088 | CS69: -802.839 | CT69: -765.172 | CU69: 11659.3 | CV69: 12953.9 | CW69: 13317.5 | CX69: 12885.4 | CY69: 12247.3 | CZ69: 11564.8 | DA69: 11057.1 | DB69: 10756.6 | DC69: 10440.1 | DD69: 10490.1 | DE69: 10732.8 | DF69: 11938.3 | DG69: 13099.6 | DH69: 13655.7 | DI69: 12959.2 | DJ69: 11288.5 | DK69: 11720 | DL69: 12010.2 | DM69: 12178.1 | DN69: 12043.3 | DO69: 2879.63 | DP69: 2653.78 | DQ69: 2591.56 | DR69: 2515.41 | DS69: 2385.7 | DT69: 2169.26 | DU69: 1568.01 | DV69: 1202.54 | DW69: 1298.57 | DX69: 1365.88 | DY69: 1128.19 | DZ69: 1369.91 | EA69: 1340.99 | EB69: 1230.05 | EC69: 1172.3 | ED69: 1099.96 | EE69: 2265.32 | EF69: 3275.62 | EG69: 3418.23 | EH69: 2990.68 | EI69: -449.693 | EJ69: -12.7313 | EK69: 298.466 | EL69: 329.235 | EM69: 136.377 | EN69: -59.6186 | EO69: -228.256 | EP69: -266.239 | EQ69: -399.941 | ER69: -750.862 | ES69: -971.92 | ET69: -1259.15 | EU69: -1283.16 | EV69: -1043.67 | EW69: -623.307 | EX69: -430.021 | EY69: -295.915 | EZ69: -615.47 | FA69: -1061.52 | FB69: -941.785 | FC69: 1494.13 | FD69: 1519.82 | FE69: -36.2981 | FF69: -414.542 | FG69: -757.278 | FH69: -1204.99 | FI69: -11328.4 | FJ69: -1878.06 | FK69: 493.351 | FL69: 0.0418358
A70: 62 | B70: 9 | C70: 1101310 | D70: SkinLH | E70: 3904010 | F70: 1904011 | G70: 2904010 | H70: 1904012 | I70: 57.915 | J70: 3_102_0 | K70: CDR_Pivot_V161_leftdown_all | L70: SUBCASE 102 = STLP ULT (INTACT) :STLP ULT (INTACT) | M70: Simulation 1 | N70: 28958.659432458808 -159.69656664434865 4036.523864355774 | O70: 2579.28 | P70: -4512.92 | Q70: 19515.4 | R70: 17029.5 | S70: 28917.753435413448 -160.67399567663597 4034.845278429573 | T70: 28925.594254505217 -160.28302406372103 4043.362002340093 | U70: 28933.43507359699 -159.89205245080612 4051.8787262506125 | V70: 28941.275892688758 -159.50108083789118 4060.395450161132 | W70: 28949.11671178053 -159.11010922497627 4068.9121740716514 | X70: 28956.9575308723 -158.71913761206133 4077.4288979821713 | Y70: 28965.479110598673 -158.71913761206133 4069.583608442132 | Z70: 28974.000690325047 -158.71913761206133 4061.738318902093 | AA70: 28982.52227005142 -158.71913761206133 4053.8930293620533 | AB70: 28991.043849777794 -158.71913761206133 4046.047739822014 | AC70: 28999.565429504168 -158.71913761206133 4038.202450281975 | AD70: 28991.7246104124 -159.11010922497627 4029.685726371455 | AE70: 28983.883791320626 -159.50108083789118 4021.1690024609356 | AF70: 28976.042972228857 -159.89205245080612 4012.652278550416 | AG70: 28968.202153137085 -160.28302406372103 4004.135554639897 | AH70: 28960.361334045316 -160.67399567663597 3995.618830729377 | AI70: 28951.839754318942 -160.67399567663597 4003.464120269416 | AJ70: 28943.31817459257 -160.67399567663597 4011.3094098094552 | AK70: 28934.796594866195 -160.67399567663597 4019.154699349495 | AL70: 28926.27501513982 -160.67399567663597 4026.999988889534 | AM70: -1153.46 | AN70: -1128.88 | AO70: -1098.94 | AP70: -1068.42 | AQ70: -1033.09 | AR70: -989.986 | AS70: -1239.92 | AT70: -1547.76 | AU70: -1877.53 | AV70: -2205.72 | AW70: -2496.21 | AX70: -2401.09 | AY70: -2324.36 | AZ70: -2253.54 | BA70: -2195.8 | BB70: -2157.2 | BC70: -1961.31 | BD70: -1753.23 | BE70: -1551.14 | BF70: -1354.36 | BG70: 251.58 | BH70: 252.698 | BI70: 257.318 | BJ70: 276.638 | BK70: 309.349 | BL70: 351.532 | BM70: 348.716 | BN70: 367.8 | BO70: 391.012 | BP70: 409.476 | BQ70: 409.678 | BR70: 373.312 | BS70: 338.222 | BT70: 299.464 | BU70: 265.336 | BV70: 245.787 | BW70: 252.669 | BX70: 251.855 | BY70: 250.411 | BZ70: 250.312 | CA70: 343.94 | CB70: 347.705 | CC70: 364.028 | CD70: 388.259 | CE70: 408.755 | CF70: 423.586 | CG70: 370.529 | CH70: 324.403 | CI70: 316.038 | CJ70: 359.743 | CK70: 452.812 | CL70: 442.464 | CM70: 420.798 | CN70: 391.3 | CO70: 362.347 | CP70: 342.182 | CQ70: 318.448 | CR70: 312.138 | CS70: 318.267 | CT70: 327.918 | CU70: -11341.4 | CV70: -12542.9 | CW70: -12633.2 | CX70: -11761.9 | CY70: -10632.9 | CZ70: -9439.29 | DA70: -9280.01 | DB70: -9285.93 | DC70: -9079.06 | DD70: -9028.8 | DE70: -9035.47 | DF70: -10424.1 | DG70: -11890.7 | DH70: -12798.2 | DI70: -12416.2 | DJ70: -10928.2 | DK70: -11532.4 | DL70: -11919.2 | DM70: -12094.5 | DN70: -11877.7 | DO70: -2357.74 | DP70: -1899.72 | DQ70: -1596.04 | DR70: -1219.64 | DS70: -719.58 | DT70: -69.6203 | DU70: 612.596 | DV70: 826.435 | DW70: 182.237 | DX70: -751.998 | DY70: -1461.98 | DZ70: -1713.29 | EA70: -1690.79 | EB70: -1572.96 | EC70: -1520.85 | ED70: -1479.54 | EE70: -2514.47 | EF70: -3438.25 | EG70: -3424.32 | EH70: -2722.49 | EI70: 473.34 | EJ70: -54.8978 | EK70: -485.129 | EL70: -628.322 | EM70: -553.305 | EN70: -529.146 | EO70: 106.798 | EP70: 732.743 | EQ70: 1365 | ER70: 2068.69 | ES70: 2367.89 | ET70: 2402.33 | EU70: 2234.13 | EV70: 1805.23 | EW70: 1185.1 | EX70: 830.301 | EY70: 655.212 | EZ70: 922.062 | FA70: 1334.41 | FB70: 1123.45 | FC70: -1655.12 | FD70: -1726.19 | FE70: 283.186 | FF70: 321.967 | FG70: 327.149 | FH70: 401.984 | FI70: 10403.5 | FJ70: 1441.81 | FK70: -854.095 | FL70: 0
A71: 63 | B71: 9 | C71: 2100616 | D71: SpliceOutbLH | E71: 2904010 | F71: 2904010 | G71: 0 | H71: 0 | I71: 51.48 | J71: 2_101_0 | K71: CDR_Pivot_V161_rightdown_all | L71: SUBCASE 101 = STLN ULT (INTACT) :STLN ULT (INTACT) | M71: Simulation 1 | N71: 28958.659432458808 -169.8734985308767 4036.523864355774 | O71: -400.711 | P71: -14157.8 | Q71: -456.548 | R71: 12424.1 | S71: 28922.563578741676 -169.94615458733847 4041.2333511143247 | T71: 28928.840823373615 -169.91709216475377 4033.072286771583 | U71: 28935.118068005555 -169.88802974216907 4024.9112224288415 | V71: 28941.395312637498 -169.85896731958434 4016.7501580860994 | W71: 28947.672557269438 -169.82990489699964 4008.589093743358 | X71: 28953.949801901377 -169.80084247441494 4000.428029400616 | Y71: 28962.11089875629 -169.80084247441494 4006.705299039938 | Z71: 28970.2719956112 -169.80084247441494 4012.982568679259 | AA71: 28978.433092466115 -169.80084247441494 4019.2598383185805 | AB71: 28986.594189321026 -169.80084247441494 4025.5371079579018 | AC71: 28994.75528617594 -169.80084247441494 4031.8143775972235 | AD71: 28988.478041544 -169.82990489699964 4039.975441939965 | AE71: 28982.20079691206 -169.85896731958434 4048.1365062827067 | AF71: 28975.923552280117 -169.88802974216907 4056.2975706254488 | AG71: 28969.646307648178 -169.91709216475377 4064.4586349681904 | AH71: 28963.36906301624 -169.94615458733847 4072.619699310932 | AI71: 28955.207966161324 -169.94615458733847 4066.3424296716103 | AJ71: 28947.046869306414 -169.94615458733847 4060.065160032289 | AK71: 28938.8857724515 -169.94615458733847 4053.7878903929677 | AL71: 28930.72467559659 -169.94615458733847 4047.5106207536464 | AM71: 0 | AN71: 0 | AO71: 0 | AP71: 0 | AQ71: 0 | AR71: 0 | AS71: 0 | AT71: 0 | AU71: 0 | AV71: 0 | AW71: 0 | AX71: 0 | AY71: 0 | AZ71: 0 | BA71: 0 | BB71: 0 | BC71: 0 | BD71: 0 | BE71: 0 | BF71: 0 | BG71: 0 | BH71: 0 | BI71: 0 | BJ71: 0 | BK71: 0 | BL71: 0 | BM71: 0 | BN71: 0 | BO71: 0 | BP71: 0 | BQ71: 0 | BR71: 0 | BS71: 0 | BT71: 0 | BU71: 0 | BV71: 0 | BW71: 0 | BX71: 0 | BY71: 0 | BZ71: 0 | CA71: 0 | CB71: 0 | CC71: 0 | CD71: 0 | CE71: 0 | CF71: 0 | CG71: 0 | CH71: 0 | CI71: 0 | CJ71: 0 | CK71: 0 | CL71: 0 | CM71: 0 | CN71: 0 | CO71: 0 | CP71: 0 | CQ71: 0 | CR71: 0 | CS71: 0 | CT71: 0 | CU71: 0 | CV71: 0 | CW71: 0 | CX71: 0 | CY71: 0 | CZ71: 0 | DA71: 0 | DB71: 0 | DC71: 0 | DD71: 0 | DE71: 0 | DF71: 0 | DG71: 0 | DH71: 0 | DI71: 0 | DJ71: 0 | DK71: 0 | DL71: 0 | DM71: 0 | DN71: 0 | DO71: 0 | DP71: 0 | DQ71: 0 | DR71: 0 | DS71: 0 | DT71: 0 | DU71: 0 | DV71: 0 | DW71: 0 | DX71: 0 | DY71: 0 | DZ71: 0 | EA71: 0 | EB71: 0 | EC71: 0 | ED71: 0 | EE71: 0 | EF71: 0 | EG71: 0 | EH71: 0 | EI71: 0 | EJ71: 0 | EK71: 0 | EL71: 0 | EM71: 0 | EN71: 0 | EO71: 0 | EP71: 0 | EQ71: 0 | ER71: 0 | ES71: 0 | ET71: 0 | EU71: 0 | EV71: 0 | EW71: 0 | EX71: 0 | EY71: 0 | EZ71: 0 | FA71: 0 | FB71: 0 | FC71: 0 | FD71: 0 | FE71: 0 | FF71: 0 | FG71: 0 | FH71: 0 | FI71: 0 | FJ71: 0 | FK71: 0 | FL71: 0
A72: 64 | B72: 9 | C72: 2100616 | D72: SpliceOutbLH | E72: 2904010 | F72: 2904010 | G72: 0 | H72: 0 | I72: 51.48 | J72: 3_102_0 | K72: CDR_Pivot_V161_leftdown_all | L72: SUBCASE 102 = STLP ULT (INTACT) :STLP ULT (INTACT) | M72: Simulation 1 | N72: 28958.659432458808 -169.8734985308767 4036.523864355774 | O72: 697.114 | P72: 17370.8 | Q72: 1176.47 | R72: 17029.5 | S72: 28922.563578741676 -169.94615458733847 4041.2333511143247 | T72: 28928.840823373615 -169.91709216475377 4033.072286771583 | U72: 28935.118068005555 -169.88802974216907 4024.9112224288415 | V72: 28941.395312637498 -169.85896731958434 4016.7501580860994 | W72: 28947.672557269438 -169.82990489699964 4008.589093743358 | X72: 28953.949801901377 -169.80084247441494 4000.428029400616 | Y72: 28962.11089875629 -169.80084247441494 4006.705299039938 | Z72: 28970.2719956112 -169.80084247441494 4012.982568679259 | AA72: 28978.433092466115 -169.80084247441494 4019.2598383185805 | AB72: 28986.594189321026 -169.80084247441494 4025.5371079579018 | AC72: 28994.75528617594 -169.80084247441494 4031.8143775972235 | AD72: 28988.478041544 -169.82990489699964 4039.975441939965 | AE72: 28982.20079691206 -169.85896731958434 4048.1365062827067 | AF72: 28975.923552280117 -169.88802974216907 4056.2975706254488 | AG72: 28969.646307648178 -169.91709216475377 4064.4586349681904 | AH72: 28963.36906301624 -169.94615458733847 4072.619699310932 | AI72: 28955.207966161324 -169.94615458733847 4066.3424296716103 | AJ72: 28947.046869306414 -169.94615458733847 4060.065160032289 | AK72: 28938.8857724515 -169.94615458733847 4053.7878903929677 | AL72: 28930.72467559659 -169.94615458733847 4047.5106207536464 | AM72: 0 | AN72: 0 | AO72: 0 | AP72: 0 | AQ72: 0 | AR72: 0 | AS72: 0 | AT72: 0 | AU72: 0 | AV72: 0 | AW72: 0 | AX72: 0 | AY72: 0 | AZ72: 0 | BA72: 0 | BB72: 0 | BC72: 0 | BD72: 0 | BE72: 0 | BF72: 0 | BG72: 0 | BH72: 0 | BI72: 0 | BJ72: 0 | BK72: 0 | BL72: 0 | BM72: 0 | BN72: 0 | BO72: 0 | BP72: 0 | BQ72: 0 | BR72: 0 | BS72: 0 | BT72: 0 | BU72: 0 | BV72: 0 | BW72: 0 | BX72: 0 | BY72: 0 | BZ72: 0 | CA72: 0 | CB72: 0 | CC72: 0 | CD72: 0 | CE72: 0 | CF72: 0 | CG72: 0 | CH72: 0 | CI72: 0 | CJ72: 0 | CK72: 0 | CL72: 0 | CM72: 0 | CN72: 0 | CO72: 0 | CP72: 0 | CQ72: 0 | CR72: 0 | CS72: 0 | CT72: 0 | CU72: 0 | CV72: 0 | CW72: 0 | CX72: 0 | CY72: 0 | CZ72: 0 | DA72: 0 | DB72: 0 | DC72: 0 | DD72: 0 | DE72: 0 | DF72: 0 | DG72: 0 | DH72: 0 | DI72: 0 | DJ72: 0 | DK72: 0 | DL72: 0 | DM72: 0 | DN72: 0 | DO72: 0 | DP72: 0 | DQ72: 0 | DR72: 0 | DS72: 0 | DT72: 0 | DU72: 0 | DV72: 0 | DW72: 0 | DX72: 0 | DY72: 0 | DZ72: 0 | EA72: 0 | EB72: 0 | EC72: 0 | ED72: 0 | EE72: 0 | EF72: 0 | EG72: 0 | EH72: 0 | EI72: 0 | EJ72: 0 | EK72: 0 | EL72: 0 | EM72: 0 | EN72: 0 | EO72: 0 | EP72: 0 | EQ72: 0 | ER72: 0 | ES72: 0 | ET72: 0 | EU72: 0 | EV72: 0 | EW72: 0 | EX72: 0 | EY72: 0 | EZ72: 0 | FA72: 0 | FB72: 0 | FC72: 0 | FD72: 0 | FE72: 0 | FF72: 0 | FG72: 0 | FH72: 0 | FI72: 0 | FJ72: 0 | FK72: 0 | FL72: 0
A73: 65 | B73: 10 | C73: 51810095 | D73: GFEMUpperStructre | E73: 2906020 | F73: 1906022 | G73: 0 | H73: 0 | I73: 51.48 | J73: 2_101_0 | K73: CDR_Pivot_V161_rightdown_all | L73: SUBCASE 101 = STLN ULT (INTACT) :STLN ULT (INTACT) | M73: Simulation 1 | N73: 29068.40569745387 156.08690725244628 3945.1911892640883 | O73: 2976.87 | P73: -6574.07 | Q73: -2270.3 | R73: 3016.12 | S73: 29043.147998598073 159.83821800180962 3966.7983811543654 | T73: 29052.711401278277 156.62284325220182 3970.7737336284963 | U73: 29063.000673563463 156.26555258569812 3970.877825995841 | V73: 29073.289945848646 155.90826191919444 3970.9819183631853 | W73: 29083.579218133833 155.55097125269074 3971.08601073053 | X73: 29093.86849041902 155.19368058618704 3971.1901030978747 | Y73: 29093.972645518144 155.19368058618704 3960.894629931705 | Z73: 29094.07680061727 155.19368058618704 3950.599156765535 | AA73: 29094.180955716398 155.19368058618704 3940.303683599365 | AB73: 29094.285110815523 155.19368058618704 3930.008210433195 | AC73: 29094.389265914648 155.19368058618704 3919.712737267025 | AD73: 29084.09999362946 155.55097125269074 3919.6086448996803 | AE73: 29073.810721344274 155.90826191919444 3919.5045525323358 | AF73: 29063.52144905909 156.26555258569812 3919.4004601649913 | AG73: 29053.232176773905 156.62284325220182 3919.296367797647 | AH73: 29042.94290448872 156.98013391870552 3919.192275430302 | AI73: 29042.838749389593 156.98013391870552 3929.4877485964716 | AJ73: 29042.73459429047 156.98013391870552 3939.7832217626415 | AK73: 29042.63043919134 156.98013391870552 3950.0786949288117 | AL73: 29042.526284092215 156.98013391870552 3960.3741680949815 | AM73: 0 | AN73: 0 | AO73: 0 | AP73: 0 | AQ73: 0 | AR73: 0 | AS73: 0 | AT73: 0 | AU73: 0 | AV73: 0 | AW73: 0 | AX73: 0 | AY73: 0 | AZ73: 0 | BA73: 0 | BB73: 0 | BC73: 0 | BD73: 0 | BE73: 0 | BF73: 0 | BG73: 0 | BH73: 0 | BI73: 0 | BJ73: 0 | BK73: 0 | BL73: 0 | BM73: 0 | BN73: 0 | BO73: 0 | BP73: 0 | BQ73: 0 | BR73: 0 | BS73: 0 | BT73: 0 | BU73: 0 | BV73: 0 | BW73: 0 | BX73: 0 | BY73: 0 | BZ73: 0 | CA73: 0 | CB73: 0 | CC73: 0 | CD73: 0 | CE73: 0 | CF73: 0 | CG73: 0 | CH73: 0 | CI73: 0 | CJ73: 0 | CK73: 0 | CL73: 0 | CM73: 0 | CN73: 0 | CO73: 0 | CP73: 0 | CQ73: 0 | CR73: 0 | CS73: 0 | CT73: 0 | CU73: 0 | CV73: 0 | CW73: 0 | CX73: 0 | CY73: 0 | CZ73: 0 | DA73: 0 | DB73: 0 | DC73: 0 | DD73: 0 | DE73: 0 | DF73: 0 | DG73: 0 | DH73: 0 | DI73: 0 | DJ73: 0 | DK73: 0 | DL73: 0 | DM73: 0 | DN73: 0 | DO73: 0 | DP73: 0 | DQ73: 0 | DR73: 0 | DS73: 0 | DT73: 0 | DU73: 0 | DV73: 0 | DW73: 0 | DX73: 0 | DY73: 0 | DZ73: 0 | EA73: 0 | EB73: 0 | EC73: 0 | ED73: 0 | EE73: 0 | EF73: 0 | EG73: 0 | EH73: 0 | EI73: 0 | EJ73: 0 | EK73: 0 | EL73: 0 | EM73: 0 | EN73: 0 | EO73: 0 | EP73: 0 | EQ73: 0 | ER73: 0 | ES73: 0 | ET73: 0 | EU73: 0 | EV73: 0 | EW73: 0 | EX73: 0 | EY73: 0 | EZ73: 0 | FA73: 0 | FB73: 0 | FC73: 0 | FD73: 0 | FE73: 0 | FF73: 0 | FG73: 0 | FH73: 0 | FI73: 0 | FJ73: 0 | FK73: 0 | FL73: 0 | FM73: Pt1 modified
A74: 66 | B74: 10 | C74: 51810095 | D74: GFEMUpperStructre | E74: 2906020 | F74: 1906022 | G74: 0 | H74: 0 | I74: 51.48 | J74: 3_102_0 | K74: CDR_Pivot_V161_leftdown_all | L74: SUBCASE 102 = STLP ULT (INTACT) :STLP ULT (INTACT) | M74: Simulation 1 | N74: 29068.40569745387 156.08690725244628 3945.1911892640883 | O74: -3579.15 | P74: 8413.68 | Q74: 1940.78 | R74: 0 | S74: 29043.147998598073 159.83821800180962 3966.7983811543654 | T74: 29052.711401278277 156.62284325220182 3970.7737336284963 | U74: 29063.000673563463 156.26555258569812 3970.877825995841 | V74: 29073.289945848646 155.90826191919444 3970.9819183631853 | W74: 29083.579218133833 155.55097125269074 3971.08601073053 | X74: 29093.86849041902 155.19368058618704 3971.1901030978747 | Y74: 29093.972645518144 155.19368058618704 3960.894629931705 | Z74: 29094.07680061727 155.19368058618704 3950.599156765535 | AA74: 29094.180955716398 155.19368058618704 3940.303683599365 | AB74: 29094.285110815523 155.19368058618704 3930.008210433195 | AC74: 29094.389265914648 155.19368058618704 3919.712737267025 | AD74: 29084.09999362946 155.55097125269074 3919.6086448996803 | AE74: 29073.810721344274 155.90826191919444 3919.5045525323358 | AF74: 29063.52144905909 156.26555258569812 3919.4004601649913 | AG74: 29053.232176773905 156.62284325220182 3919.296367797647 | AH74: 29042.94290448872 156.98013391870552 3919.192275430302 | AI74: 29042.838749389593 156.98013391870552 3929.4877485964716 | AJ74: 29042.73459429047 156.98013391870552 3939.7832217626415 | AK74: 29042.63043919134 156.98013391870552 3950.0786949288117 | AL74: 29042.526284092215 156.98013391870552 3960.3741680949815 | AM74: 0 | AN74: 0 | AO74: 0 | AP74: 0 | AQ74: 0 | AR74: 0 | AS74: 0 | AT74: 0 | AU74: 0 | AV74: 0 | AW74: 0 | AX74: 0 | AY74: 0 | AZ74: 0 | BA74: 0 | BB74: 0 | BC74: 0 | BD74: 0 | BE74: 0 | BF74: 0 | BG74: 0 | BH74: 0 | BI74: 0 | BJ74: 0 | BK74: 0 | BL74: 0 | BM74: 0 | BN74: 0 | BO74: 0 | BP74: 0 | BQ74: 0 | BR74: 0 | BS74: 0 | BT74: 0 | BU74: 0 | BV74: 0 | BW74: 0 | BX74: 0 | BY74: 0 | BZ74: 0 | CA74: 0 | CB74: 0 | CC74: 0 | CD74: 0 | CE74: 0 | CF74: 0 | CG74: 0 | CH74: 0 | CI74: 0 | CJ74: 0 | CK74: 0 | CL74: 0 | CM74: 0 | CN74: 0 | CO74: 0 | CP74: 0 | CQ74: 0 | CR74: 0 | CS74: 0 | CT74: 0 | CU74: 0 | CV74: 0 | CW74: 0 | CX74: 0 | CY74: 0 | CZ74: 0 | DA74: 0 | DB74: 0 | DC74: 0 | DD74: 0 | DE74: 0 | DF74: 0 | DG74: 0 | DH74: 0 | DI74: 0 | DJ74: 0 | DK74: 0 | DL74: 0 | DM74: 0 | DN74: 0 | DO74: 0 | DP74: 0 | DQ74: 0 | DR74: 0 | DS74: 0 | DT74: 0 | DU74: 0 | DV74: 0 | DW74: 0 | DX74: 0 | DY74: 0 | DZ74: 0 | EA74: 0 | EB74: 0 | EC74: 0 | ED74: 0 | EE74: 0 | EF74: 0 | EG74: 0 | EH74: 0 | EI74: 0 | EJ74: 0 | EK74: 0 | EL74: 0 | EM74: 0 | EN74: 0 | EO74: 0 | EP74: 0 | EQ74: 0 | ER74: 0 | ES74: 0 | ET74: 0 | EU74: 0 | EV74: 0 | EW74: 0 | EX74: 0 | EY74: 0 | EZ74: 0 | FA74: 0 | FB74: 0 | FC74: 0 | FD74: 0 | FE74: 0 | FF74: 0 | FG74: 0 | FH74: 0 | FI74: 0 | FJ74: 0 | FK74: 0 | FL74: 0 | FM74: Pt1 modified
A75: 67 | B75: 10 | C75: 2500638 | D75: SpliceOutbRH | E75: 2906020 | F75: 2906020 | G75: 0 | H75: 0 | I75: 51.48 | J75: 2_101_0 | K75: CDR_Pivot_V161_rightdown_all | L75: SUBCASE 101 = STLN ULT (INTACT) :STLN ULT (INTACT) | M75: Simulation 1 | N75: 29068.405697453865 164.83000237406463 3945.1911892640887 | O75: 6367.07 | P75: 3968.1 | Q75: -974.197 | R75: 3016.12 | S75: 29075.012352740592 162.14341237407447 3909.4948373483217 | T75: 29066.559095054417 163.21804837407052 3915.273696055595 | U75: 29058.105837368243 164.2926843740666 3921.0525547628686 | V75: 29049.652579682068 165.36732037406267 3926.8314134701423 | W75: 29041.199321995893 166.44195637405875 3932.610272177416 | X75: 29032.74606430972 167.5165923740548 3938.389130884689 | Y75: 29038.556659881204 167.5165923740548 3946.8888129437223 | Z75: 29044.367255452686 167.5165923740548 3955.388495002756 | AA75: 29050.17785102417 167.5165923740548 3963.888177061789 | AB75: 29055.988446595653 167.5165923740548 3972.3878591208227 | AC75: 29061.79904216714 167.5165923740548 3980.887541179856 | AD75: 29070.252299853313 166.44195637405875 3975.1086824725826 | AE75: 29078.705557539488 165.36732037406267 3969.329823765309 | AF75: 29087.158815225663 164.2926843740666 3963.550965058035 | AG75: 29095.612072911837 163.21804837407052 3957.7721063507615 | AH75: 29104.065330598012 162.14341237407447 3951.9932476434883 | AI75: 29098.254735026527 162.14341237407447 3943.493565584455 | AJ75: 29092.444139455045 162.14341237407447 3934.9938835254216 | AK75: 29086.63354388356 162.14341237407447 3926.4942014663884 | AL75: 29080.822948312078 162.14341237407447 3917.994519407355 | AM75: 0 | AN75: 0 | AO75: 0 | AP75: 0 | AQ75: 0 | AR75: 0 | AS75: 0 | AT75: 0 | AU75: 0 | AV75: 0 | AW75: 0 | AX75: 0 | AY75: 0 | AZ75: 0 | BA75: 0 | BB75: 0 | BC75: 0 | BD75: 0 | BE75: 0 | BF75: 0 | BG75: 0 | BH75: 0 | BI75: 0 | BJ75: 0 | BK75: 0 | BL75: 0 | BM75: 0 | BN75: 0 | BO75: 0 | BP75: 0 | BQ75: 0 | BR75: 0 | BS75: 0 | BT75: 0 | BU75: 0 | BV75: 0 | BW75: 0 | BX75: 0 | BY75: 0 | BZ75: 0 | CA75: 0 | CB75: 0 | CC75: 0 | CD75: 0 | CE75: 0 | CF75: 0 | CG75: 0 | CH75: 0 | CI75: 0 | CJ75: 0 | CK75: 0 | CL75: 0 | CM75: 0 | CN75: 0 | CO75: 0 | CP75: 0 | CQ75: 0 | CR75: 0 | CS75: 0 | CT75: 0 | CU75: 0 | CV75: 0 | CW75: 0 | CX75: 0 | CY75: 0 | CZ75: 0 | DA75: 0 | DB75: 0 | DC75: 0 | DD75: 0 | DE75: 0 | DF75: 0 | DG75: 0 | DH75: 0 | DI75: 0 | DJ75: 0 | DK75: 0 | DL75: 0 | DM75: 0 | DN75: 0 | DO75: 0 | DP75: 0 | DQ75: 0 | DR75: 0 | DS75: 0 | DT75: 0 | DU75: 0 | DV75: 0 | DW75: 0 | DX75: 0 | DY75: 0 | DZ75: 0 | EA75: 0 | EB75: 0 | EC75: 0 | ED75: 0 | EE75: 0 | EF75: 0 | EG75: 0 | EH75: 0 | EI75: 0 | EJ75: 0 | EK75: 0 | EL75: 0 | EM75: 0 | EN75: 0 | EO75: 0 | EP75: 0 | EQ75: 0 | ER75: 0 | ES75: 0 | ET75: 0 | EU75: 0 | EV75: 0 | EW75: 0 | EX75: 0 | EY75: 0 | EZ75: 0 | FA75: 0 | FB75: 0 | FC75: 0 | FD75: 0 | FE75: 0 | FF75: 0 | FG75: 0 | FH75: 0 | FI75: 0 | FJ75: 0 | FK75: 0 | FL75: 0
A76: 68 | B76: 10 | C76: 2500638 | D76: SpliceOutbRH | E76: 2906020 | F76: 2906020 | G76: 0 | H76: 0 | I76: 51.48 | J76: 3_102_0 | K76: CDR_Pivot_V161_leftdown_all | L76: SUBCASE 102 = STLP ULT (INTACT) :STLP ULT (INTACT) | M76: Simulation 1 | N76: 29068.405697453865 164.83000237406463 3945.1911892640887 | O76: -7876.53 | P76: -5023.99 | Q76: 294.413 | R76: 0 | S76: 29075.012352740592 162.14341237407447 3909.4948373483217 | T76: 29066.559095054417 163.21804837407052 3915.273696055595 | U76: 29058.105837368243 164.2926843740666 3921.0525547628686 | V76: 29049.652579682068 165.36732037406267 3926.8314134701423 | W76: 29041.199321995893 166.44195637405875 3932.610272177416 | X76: 29032.74606430972 167.5165923740548 3938.389130884689 | Y76: 29038.556659881204 167.5165923740548 3946.8888129437223 | Z76: 29044.367255452686 167.5165923740548 3955.388495002756 | AA76: 29050.17785102417 167.5165923740548 3963.888177061789 | AB76: 29055.988446595653 167.5165923740548 3972.3878591208227 | AC76: 29061.79904216714 167.5165923740548 3980.887541179856 | AD76: 29070.252299853313 166.44195637405875 3975.1086824725826 | AE76: 29078.705557539488 165.36732037406267 3969.329823765309 | AF76: 29087.158815225663 164.2926843740666 3963.550965058035 | AG76: 29095.612072911837 163.21804837407052 3957.7721063507615 | AH76: 29104.065330598012 162.14341237407447 3951.9932476434883 | AI76: 29098.254735026527 162.14341237407447 3943.493565584455 | AJ76: 29092.444139455045 162.14341237407447 3934.9938835254216 | AK76: 29086.63354388356 162.14341237407447 3926.4942014663884 | AL76: 29080.822948312078 162.14341237407447 3917.994519407355 | AM76: 0 | AN76: 0 | AO76: 0 | AP76: 0 | AQ76: 0 | AR76: 0 | AS76: 0 | AT76: 0 | AU76: 0 | AV76: 0 | AW76: 0 | AX76: 0 | AY76: 0 | AZ76: 0 | BA76: 0 | BB76: 0 | BC76: 0 | BD76: 0 | BE76: 0 | BF76: 0 | BG76: 0 | BH76: 0 | BI76: 0 | BJ76: 0 | BK76: 0 | BL76: 0 | BM76: 0 | BN76: 0 | BO76: 0 | BP76: 0 | BQ76: 0 | BR76: 0 | BS76: 0 | BT76: 0 | BU76: 0 | BV76: 0 | BW76: 0 | BX76: 0 | BY76: 0 | BZ76: 0 | CA76: 0 | CB76: 0 | CC76: 0 | CD76: 0 | CE76: 0 | CF76: 0 | CG76: 0 | CH76: 0 | CI76: 0 | CJ76: 0 | CK76: 0 | CL76: 0 | CM76: 0 | CN76: 0 | CO76: 0 | CP76: 0 | CQ76: 0 | CR76: 0 | CS76: 0 | CT76: 0 | CU76: 0 | CV76: 0 | CW76: 0 | CX76: 0 | CY76: 0 | CZ76: 0 | DA76: 0 | DB76: 0 | DC76: 0 | DD76: 0 | DE76: 0 | DF76: 0 | DG76: 0 | DH76: 0 | DI76: 0 | DJ76: 0 | DK76: 0 | DL76: 0 | DM76: 0 | DN76: 0 | DO76: 0 | DP76: 0 | DQ76: 0 | DR76: 0 | DS76: 0 | DT76: 0 | DU76: 0 | DV76: 0 | DW76: 0 | DX76: 0 | DY76: 0 | DZ76: 0 | EA76: 0 | EB76: 0 | EC76: 0 | ED76: 0 | EE76: 0 | EF76: 0 | EG76: 0 | EH76: 0 | EI76: 0 | EJ76: 0 | EK76: 0 | EL76: 0 | EM76: 0 | EN76: 0 | EO76: 0 | EP76: 0 | EQ76: 0 | ER76: 0 | ES76: 0 | ET76: 0 | EU76: 0 | EV76: 0 | EW76: 0 | EX76: 0 | EY76: 0 | EZ76: 0 | FA76: 0 | FB76: 0 | FC76: 0 | FD76: 0 | FE76: 0 | FF76: 0 | FG76: 0 | FH76: 0 | FI76: 0 | FJ76: 0 | FK76: 0 | FL76: 0
A77: 69 | B77: 11 | C77: 2100512 | D77: SpliceOutbLH | E77: 2905010 | F77: 2905010 | G77: 0 | H77: 0 | I77: 51.48 | J77: 2_101_0 | K77: CDR_Pivot_V161_rightdown_all | L77: SUBCASE 101 = STLN ULT (INTACT) :STLN ULT (INTACT) | M77: Simulation 1 | N77: 29003.850996545425 -169.26003461609096 3980.4206105257726 | O77: 2470.59 | P77: -15750.4 | Q77: 76.8181 | R77: 0 | S77: 28967.642485241267 -169.7235434407978 3984.1386837776413 | T77: 28974.139398558917 -169.53813991091508 3976.1534875449825 | U77: 28980.636311876566 -169.35273638103234 3968.1682913123236 | V77: 28987.133225194215 -169.16733285114958 3960.1830950796652 | W77: 28993.630138511864 -168.98192932126685 3952.1978988470064 | X77: 29000.127051829513 -168.7965257913841 3944.2127026143476 | Y77: 29008.113543033527 -168.7965257913841 3950.710669546259 | Z77: 29016.10003423754 -168.7965257913841 3957.2086364781703 | AA77: 29024.086525441555 -168.7965257913841 3963.7066034100817 | AB77: 29032.07301664557 -168.7965257913841 3970.204570341993 | AC77: 29040.059507849583 -168.7965257913841 3976.702537273904 | AD77: 29033.562594531933 -168.98192932126685 3984.687733506563 | AE77: 29027.065681214284 -169.16733285114958 3992.6729297392217 | AF77: 29020.568767896635 -169.35273638103234 4000.65812597188 | AG77: 29014.071854578986 -169.53813991091508 4008.643322204539 | AH77: 29007.574941261337 -169.7235434407978 4016.6285184371977 | AI77: 28999.588450057323 -169.7235434407978 4010.1305515052863 | AJ77: 28991.60195885331 -169.7235434407978 4003.632584573375 | AK77: 28983.615467649295 -169.7235434407978 3997.1346176414636 | AL77: 28975.62897644528 -169.7235434407978 3990.636650709552 | AM77: 0 | AN77: 0 | AO77: 0 | AP77: 0 | AQ77: 0 | AR77: 0 | AS77: 0 | AT77: 0 | AU77: 0 | AV77: 0 | AW77: 0 | AX77: 0 | AY77: 0 | AZ77: 0 | BA77: 0 | BB77: 0 | BC77: 0 | BD77: 0 | BE77: 0 | BF77: 0 | BG77: 0 | BH77: 0 | BI77: 0 | BJ77: 0 | BK77: 0 | BL77: 0 | BM77: 0 | BN77: 0 | BO77: 0 | BP77: 0 | BQ77: 0 | BR77: 0 | BS77: 0 | BT77: 0 | BU77: 0 | BV77: 0 | BW77: 0 | BX77: 0 | BY77: 0 | BZ77: 0 | CA77: 0 | CB77: 0 | CC77: 0 | CD77: 0 | CE77: 0 | CF77: 0 | CG77: 0 | CH77: 0 | CI77: 0 | CJ77: 0 | CK77: 0 | CL77: 0 | CM77: 0 | CN77: 0 | CO77: 0 | CP77: 0 | CQ77: 0 | CR77: 0 | CS77: 0 | CT77: 0 | CU77: 0 | CV77: 0 | CW77: 0 | CX77: 0 | CY77: 0 | CZ77: 0 | DA77: 0 | DB77: 0 | DC77: 0 | DD77: 0 | DE77: 0 | DF77: 0 | DG77: 0 | DH77: 0 | DI77: 0 | DJ77: 0 | DK77: 0 | DL77: 0 | DM77: 0 | DN77: 0 | DO77: 0 | DP77: 0 | DQ77: 0 | DR77: 0 | DS77: 0 | DT77: 0 | DU77: 0 | DV77: 0 | DW77: 0 | DX77: 0 | DY77: 0 | DZ77: 0 | EA77: 0 | EB77: 0 | EC77: 0 | ED77: 0 | EE77: 0 | EF77: 0 | EG77: 0 | EH77: 0 | EI77: 0 | EJ77: 0 | EK77: 0 | EL77: 0 | EM77: 0 | EN77: 0 | EO77: 0 | EP77: 0 | EQ77: 0 | ER77: 0 | ES77: 0 | ET77: 0 | EU77: 0 | EV77: 0 | EW77: 0 | EX77: 0 | EY77: 0 | EZ77: 0 | FA77: 0 | FB77: 0 | FC77: 0 | FD77: 0 | FE77: 0 | FF77: 0 | FG77: 0 | FH77: 0 | FI77: 0 | FJ77: 0 | FK77: 0 | FL77: 0
A78: 70 | B78: 11 | C78: 2100512 | D78: SpliceOutbLH | E78: 2905010 | F78: 2905010 | G78: 0 | H78: 0 | I78: 51.48 | J78: 3_102_0 | K78: CDR_Pivot_V161_leftdown_all | L78: SUBCASE 102 = STLP ULT (INTACT) :STLP ULT (INTACT) | M78: Simulation 1 | N78: 29003.850996545425 -169.26003461609096 3980.4206105257726 | O78: -293.637 | P78: 15929.2 | Q78: -1.8194 | R78: 15807 | S78: 28967.642485241267 -169.7235434407978 3984.1386837776413 | T78: 28974.139398558917 -169.53813991091508 3976.1534875449825 | U78: 28980.636311876566 -169.35273638103234 3968.1682913123236 | V78: 28987.133225194215 -169.16733285114958 3960.1830950796652 | W78: 28993.630138511864 -168.98192932126685 3952.1978988470064 | X78: 29000.127051829513 -168.7965257913841 3944.2127026143476 | Y78: 29008.113543033527 -168.7965257913841 3950.710669546259 | Z78: 29016.10003423754 -168.7965257913841 3957.2086364781703 | AA78: 29024.086525441555 -168.7965257913841 3963.7066034100817 | AB78: 29032.07301664557 -168.7965257913841 3970.204570341993 | AC78: 29040.059507849583 -168.7965257913841 3976.702537273904 | AD78: 29033.562594531933 -168.98192932126685 3984.687733506563 | AE78: 29027.065681214284 -169.16733285114958 3992.6729297392217 | AF78: 29020.568767896635 -169.35273638103234 4000.65812597188 | AG78: 29014.071854578986 -169.53813991091508 4008.643322204539 | AH78: 29007.574941261337 -169.7235434407978 4016.6285184371977 | AI78: 28999.588450057323 -169.7235434407978 4010.1305515052863 | AJ78: 28991.60195885331 -169.7235434407978 4003.632584573375 | AK78: 28983.615467649295 -169.7235434407978 3997.1346176414636 | AL78: 28975.62897644528 -169.7235434407978 3990.636650709552 | AM78: 0 | AN78: 0 | AO78: 0 | AP78: 0 | AQ78: 0 | AR78: 0 | AS78: 0 | AT78: 0 | AU78: 0 | AV78: 0 | AW78: 0 | AX78: 0 | AY78: 0 | AZ78: 0 | BA78: 0 | BB78: 0 | BC78: 0 | BD78: 0 | BE78: 0 | BF78: 0 | BG78: 0 | BH78: 0 | BI78: 0 | BJ78: 0 | BK78: 0 | BL78: 0 | BM78: 0 | BN78: 0 | BO78: 0 | BP78: 0 | BQ78: 0 | BR78: 0 | BS78: 0 | BT78: 0 | BU78: 0 | BV78: 0 | BW78: 0 | BX78: 0 | BY78: 0 | BZ78: 0 | CA78: 0 | CB78: 0 | CC78: 0 | CD78: 0 | CE78: 0 | CF78: 0 | CG78: 0 | CH78: 0 | CI78: 0 | CJ78: 0 | CK78: 0 | CL78: 0 | CM78: 0 | CN78: 0 | CO78: 0 | CP78: 0 | CQ78: 0 | CR78: 0 | CS78: 0 | CT78: 0 | CU78: 0 | CV78: 0 | CW78: 0 | CX78: 0 | CY78: 0 | CZ78: 0 | DA78: 0 | DB78: 0 | DC78: 0 | DD78: 0 | DE78: 0 | DF78: 0 | DG78: 0 | DH78: 0 | DI78: 0 | DJ78: 0 | DK78: 0 | DL78: 0 | DM78: 0 | DN78: 0 | DO78: 0 | DP78: 0 | DQ78: 0 | DR78: 0 | DS78: 0 | DT78: 0 | DU78: 0 | DV78: 0 | DW78: 0 | DX78: 0 | DY78: 0 | DZ78: 0 | EA78: 0 | EB78: 0 | EC78: 0 | ED78: 0 | EE78: 0 | EF78: 0 | EG78: 0 | EH78: 0 | EI78: 0 | EJ78: 0 | EK78: 0 | EL78: 0 | EM78: 0 | EN78: 0 | EO78: 0 | EP78: 0 | EQ78: 0 | ER78: 0 | ES78: 0 | ET78: 0 | EU78: 0 | EV78: 0 | EW78: 0 | EX78: 0 | EY78: 0 | EZ78: 0 | FA78: 0 | FB78: 0 | FC78: 0 | FD78: 0 | FE78: 0 | FF78: 0 | FG78: 0 | FH78: 0 | FI78: 0 | FJ78: 0 | FK78: 0 | FL78: 0
A79: 71 | B79: 11 | C79: 1101742 | D79: SkinLH | E79: 2905010 | F79: 1905012 | G79: 0 | H79: 0 | I79: 57.915 | J79: 2_101_0 | K79: CDR_Pivot_V161_rightdown_all | L79: SUBCASE 101 = STLN ULT (INTACT) :STLN ULT (INTACT) | M79: Simulation 1 | N79: 29003.850996545425 -158.6356531511283 3980.4206105257726 | O79: 15941.3 | P79: -190.296 | Q79: -153.063 | R79: 0 | S79: 29005.569578359904 -159.29881107378532 3939.5099724151714 | T79: 29013.408079493925 -159.0335479047225 3948.033670229095 | U79: 29021.246580627947 -158.7682847356597 3956.557368043019 | V79: 29029.08508176197 -158.5030215665969 3965.0810658569426 | W79: 29036.92358289599 -158.23775839753412 3973.6047636708663 | X79: 29044.76208403001 -157.9724952284713 3982.12846148479 | Y79: 29036.2361501702 -157.9724952284713 3989.969018915107 | Z79: 29027.710216310385 -157.9724952284713 3997.8095763454235 | AA79: 29019.184282450573 -157.9724952284713 4005.6501337757404 | AB79: 29010.658348590758 -157.9724952284713 4013.490691206057 | AC79: 29002.132414730946 -157.9724952284713 4021.331248636374 | AD79: 28994.293913596925 -158.23775839753412 4012.80755082245 | AE79: 28986.455412462903 -158.5030215665969 4004.2838530085264 | AF79: 28978.61691132888 -158.7682847356597 3995.7601551946027 | AG79: 28970.77841019486 -159.0335479047225 3987.236457380679 | AH79: 28962.93990906084 -159.29881107378532 3978.7127595667553 | AI79: 28971.46584292065 -159.29881107378532 3970.8722021364383 | AJ79: 28979.991776780465 -159.29881107378532 3963.031644706122 | AK79: 28988.517710640277 -159.29881107378532 3955.191087275805 | AL79: 28997.043644500092 -159.29881107378532 3947.3505298454884 | AM79: 2064.44 | AN79: 1993.84 | AO79: 1925.94 | AP79: 1853.14 | AQ79: 1774.34 | AR79: 1700.92 | AS79: 1466.08 | AT79: 1215.19 | AU79: 1043.41 | AV79: 958.501 | AW79: 935.718 | AX79: 1108.21 | AY79: 1246.54 | AZ79: 1366.63 | BA79: 1485.79 | BB79: 1590.52 | BC79: 1677.23 | BD79: 1779.81 | BE79: 1863.22 | BF79: 1949.85 | BG79: 91.7193 | BH79: 97.335 | BI79: 79.6077 | BJ79: 47.891 | BK79: 9.80215 | BL79: -41.846 | BM79: -22.3143 | BN79: 14.607 | BO79: 35.1424 | BP79: 29.4551 | BQ79: 3.54795 | BR79: 40.2189 | BS79: 76.5714 | BT79: 93.2581 | BU79: 80.1932 | BV79: 47.4277 | BW79: 73.7662 | BX79: 83.0791 | BY79: 92.3822 | BZ79: 98.6472 | CA79: -262.591 | CB79: -251.222 | CC79: -252.798 | CD79: -277.734 | CE79: -299.913 | CF79: -305.636 | CG79: -370.641 | CH79: -435.789 | CI79: -522.707 | CJ79: -668.576 | CK79: -848.898 | CL79: -800.89 | CM79: -740.016 | CN79: -664.986 | CO79: -595.206 | CP79: -547.65 | CQ79: -461.979 | CR79: -407.638 | CS79: -379.995 | CT79: -329.562 | CU79: 8579.24 | CV79: 11121.6 | CW79: 12981.2 | CX79: 13391.9 | CY79: 12875.9 | CZ79: 11875.6 | DA79: 11844.3 | DB79: 11793.9 | DC79: 11895.6 | DD79: 11934.7 | DE79: 11880 | DF79: 12555.9 | DG79: 12718.6 | DH79: 12201.7 | DI79: 11010.7 | DJ79: 9167.52 | DK79: 9133.17 | DL79: 9039.85 | DM79: 8858.47 | DN79: 8724.08 | DO79: -247.173 | DP79: 155.773 | DQ79: 413.803 | DR79: 691.805 | DS79: 841.074 | DT79: 901.921 | DU79: 1640.04 | DV79: 1808.13 | DW79: 1204.75 | DX79: 656.387 | DY79: 709.168 | DZ79: 575.616 | EA79: 426.064 | EB79: 269.233 | EC79: 238.552 | ED79: 273.871 | EE79: 71.1794 | EF79: 280.279 | EG79: 553.757 | EH79: 303.454 | EI79: 130.453 | EJ79: 47.9119 | EK79: -344.464 | EL79: -823.306 | EM79: -1146.08 | EN79: -1135.3 | EO79: -977.991 | EP79: -566.675 | EQ79: -357.066 | ER79: -624.561 | ES79: -973.972 | ET79: -991.162 | EU79: -895.83 | EV79: -816.667 | EW79: -811.726 | EX79: -900.383 | EY79: -1403.05 | EZ79: -1500.81 | FA79: -913.604 | FB79: -123.272 | FC79: 1219.97 | FD79: 1820.85 | FE79: 47.4182 | FF79: 56.8696 | FG79: -274.982 | FH79: -699.608 | FI79: -10393.9 | FJ79: -437.476 | FK79: 750.282 | FL79: 0
A80: 72 | B80: 11 | C80: 1101742 | D80: SkinLH | E80: 2905010 | F80: 1905012 | G80: 0 | H80: 0 | I80: 57.915 | J80: 3_102_0 | K80: CDR_Pivot_V161_leftdown_all | L80: SUBCASE 102 = STLP ULT (INTACT) :STLP ULT (INTACT) | M80: Simulation 1 | N80: 29003.850996545425 -158.6356531511283 3980.4206105257726 | O80: -15805.2 | P80: -1988.5 | Q80: 258.102 | R80: 15807 | S80: 29005.569578359904 -159.29881107378532 3939.5099724151714 | T80: 29013.408079493925 -159.0335479047225 3948.033670229095 | U80: 29021.246580627947 -158.7682847356597 3956.557368043019 | V80: 29029.08508176197 -158.5030215665969 3965.0810658569426 | W80: 29036.92358289599 -158.23775839753412 3973.6047636708663 | X80: 29044.76208403001 -157.9724952284713 3982.12846148479 | Y80: 29036.2361501702 -157.9724952284713 3989.969018915107 | Z80: 29027.710216310385 -157.9724952284713 3997.8095763454235 | AA80: 29019.184282450573 -157.9724952284713 4005.6501337757404 | AB80: 29010.658348590758 -157.9724952284713 4013.490691206057 | AC80: 29002.132414730946 -157.9724952284713 4021.331248636374 | AD80: 28994.293913596925 -158.23775839753412 4012.80755082245 | AE80: 28986.455412462903 -158.5030215665969 4004.2838530085264 | AF80: 28978.61691132888 -158.7682847356597 3995.7601551946027 | AG80: 28970.77841019486 -159.0335479047225 3987.236457380679 | AH80: 28962.93990906084 -159.29881107378532 3978.7127595667553 | AI80: 28971.46584292065 -159.29881107378532 3970.8722021364383 | AJ80: 28979.991776780465 -159.29881107378532 3963.031644706122 | AK80: 28988.517710640277 -159.29881107378532 3955.191087275805 | AL80: 28997.043644500092 -159.29881107378532 3947.3505298454884 | AM80: -2530.38 | AN80: -2525.89 | AO80: -2524.31 | AP80: -2508.93 | AQ80: -2481.34 | AR80: -2447.83 | AS80: -2581.7 | AT80: -2680.47 | AU80: -2746.42 | AV80: -2740.97 | AW80: -2638.36 | AX80: -2534.81 | AY80: -2448.39 | AZ80: -2390.2 | BA80: -2352.34 | BB80: -2322.85 | BC80: -2451.23 | BD80: -2531.33 | BE80: -2552.31 | BF80: -2544.76 | BG80: 119.66 | BH80: 118.331 | BI80: 123.074 | BJ80: 114.896 | BK80: 92.2114 | BL80: 61.0778 | BM80: 127.236 | BN80: 188.435 | BO80: 252.195 | BP80: 308.687 | BQ80: 349.855 | BR80: 303.528 | BS80: 254.14 | BT80: 224.95 | BU80: 221.012 | BV80: 229.828 | BW80: 220.168 | BX80: 206.905 | BY80: 180.983 | BZ80: 149.149 | CA80: 544.885 | CB80: 580.289 | CC80: 639.706 | CD80: 729.882 | CE80: 821.715 | CF80: 897.98 | CG80: 901.708 | CH80: 853.613 | CI80: 761.63 | CJ80: 659.653 | CK80: 552.55 | CL80: 518.858 | CM80: 475.664 | CN80: 423.49 | CO80: 382.355 | CP80: 365.348 | CQ80: 401.972 | CR80: 456.727 | CS80: 514.475 | CT80: 541.624 | CU80: -7637.92 | CV80: -9862.96 | CW80: -11343.9 | CX80: -11467.7 | CY80: -10813.9 | CZ80: -9847.59 | DA80: -9816.98 | DB80: -9754.16 | DC80: -9862.94 | DD80: -9990.13 | DE80: -10124.9 | DF80: -11072 | DG80: -11573.5 | DH80: -11382.5 | DI80: -10443.8 | DJ80: -8743.6 | DK80: -8579.67 | DL80: -8378.78 | DM80: -8109.7 | DN80: -7879.3 | DO80: 93.2166 | DP80: -311.277 | DQ80: -606.581 | DR80: -931.081 | DS80: -1141.84 | DT80: -1251.24 | DU80: -2229.74 | DV80: -2649.8 | DW80: -2295.48 | DX80: -1839.85 | DY80: -1674.92 | DZ80: -1379.81 | EA80: -1117.62 | EB80: -889.228 | EC80: -804.446 | ED80: -816.924 | EE80: -693.482 | EF80: -873.337 | EG80: -1000.63 | EH80: -573.732 | EI80: -200.401 | EJ80: -89.1914 | EK80: 303.645 | EL80: 731.972 | EM80: 989.446 | EN80: 917.386 | EO80: 863.567 | EP80: 685.641 | EQ80: 802.068 | ER80: 1372.58 | ES80: 1977.29 | ET80: 1799.35 | EU80: 1522.16 | EV80: 1301.63 | EW80: 1184.48 | EX80: 1180.32 | EY80: 1616.33 | EZ80: 1612.86 | FA80: 930.36 | FB80: 92.0278 | FC80: -2488.81 | FD80: -2639.29 | FE80: 104.875 | FF80: 263.885 | FG80: 453.044 | FH80: 771.189 | FI80: 9060.47 | FJ80: 902.646 | FK80: -977.839 | FL80: 0
A81: 73 | B81: 12 | C81: 2500954 | D81: SpliceOutbRH | E81: 2903020 | F81: 2903020 | G81: 0 | H81: 0 | I81: 51.48 | J81: 2_101_0 | K81: CDR_Pivot_V161_rightdown_all | L81: SUBCASE 101 = STLN ULT (INTACT) :STLN ULT (INTACT) | M81: Simulation 1 | N81: 28912.994482317765 169.75730870977048 4092.1988255118936 | O81: -292.196 | P81: 6653.34 | Q81: 424.745 | R81: 6561.7 | S81: 28909.509037036805 169.9081408732097 4055.9645306953544 | T81: 28902.959255162343 169.84780800783403 4063.908354292486 | U81: 28896.409473287884 169.78747514245833 4071.8521778896175 | V81: 28889.85969141342 169.72714227708263 4079.7960014867494 | W81: 28883.309909538963 169.66680941170694 4087.739825083881 | X81: 28876.7601276645 169.60647654633127 4095.6836486810125 | Y81: 28884.704087651346 169.60647654633127 4102.233543010497 | Z81: 28892.64804763819 169.60647654633127 4108.783437339981 | AA81: 28900.592007625033 169.60647654633127 4115.333331669465 | AB81: 28908.53596761188 169.60647654633127 4121.883225998949 | AC81: 28916.479927598724 169.60647654633127 4128.433120328433 | AD81: 28923.029709473187 169.66680941170694 4120.489296731301 | AE81: 28929.579491347646 169.72714227708263 4112.54547313417 | AF81: 28936.129273222108 169.78747514245833 4104.601649537038 | AG81: 28942.679055096567 169.84780800783403 4096.657825939907 | AH81: 28949.22883697103 169.9081408732097 4088.7140023427746 | AI81: 28941.284876984184 169.9081408732097 4082.1641080132904 | AJ81: 28933.34091699734 169.9081408732097 4075.6142136838066 | AK81: 28925.396957010496 169.9081408732097 4069.0643193543224 | AL81: 28917.45299702365 169.9081408732097 4062.514425024838 | AM81: 0 | AN81: 0 | AO81: 0 | AP81: 0 | AQ81: 0 | AR81: 0 | AS81: 0 | AT81: 0 | AU81: 0 | AV81: 0 | AW81: 0 | AX81: 0 | AY81: 0 | AZ81: 0 | BA81: 0 | BB81: 0 | BC81: 0 | BD81: 0 | BE81: 0 | BF81: 0 | BG81: 0 | BH81: 0 | BI81: 0 | BJ81: 0 | BK81: 0 | BL81: 0 | BM81: 0 | BN81: 0 | BO81: 0 | BP81: 0 | BQ81: 0 | BR81: 0 | BS81: 0 | BT81: 0 | BU81: 0 | BV81: 0 | BW81: 0 | BX81: 0 | BY81: 0 | BZ81: 0 | CA81: 0 | CB81: 0 | CC81: 0 | CD81: 0 | CE81: 0 | CF81: 0 | CG81: 0 | CH81: 0 | CI81: 0 | CJ81: 0 | CK81: 0 | CL81: 0 | CM81: 0 | CN81: 0 | CO81: 0 | CP81: 0 | CQ81: 0 | CR81: 0 | CS81: 0 | CT81: 0 | CU81: 0 | CV81: 0 | CW81: 0 | CX81: 0 | CY81: 0 | CZ81: 0 | DA81: 0 | DB81: 0 | DC81: 0 | DD81: 0 | DE81: 0 | DF81: 0 | DG81: 0 | DH81: 0 | DI81: 0 | DJ81: 0 | DK81: 0 | DL81: 0 | DM81: 0 | DN81: 0 | DO81: 0 | DP81: 0 | DQ81: 0 | DR81: 0 | DS81: 0 | DT81: 0 | DU81: 0 | DV81: 0 | DW81: 0 | DX81: 0 | DY81: 0 | DZ81: 0 | EA81: 0 | EB81: 0 | EC81: 0 | ED81: 0 | EE81: 0 | EF81: 0 | EG81: 0 | EH81: 0 | EI81: 0 | EJ81: 0 | EK81: 0 | EL81: 0 | EM81: 0 | EN81: 0 | EO81: 0 | EP81: 0 | EQ81: 0 | ER81: 0 | ES81: 0 | ET81: 0 | EU81: 0 | EV81: 0 | EW81: 0 | EX81: 0 | EY81: 0 | EZ81: 0 | FA81: 0 | FB81: 0 | FC81: 0 | FD81: 0 | FE81: 0 | FF81: 0 | FG81: 0 | FH81: 0 | FI81: 0 | FJ81: 0 | FK81: 0 | FL81: 0
A82: 74 | B82: 12 | C82: 2500954 | D82: SpliceOutbRH | E82: 2903020 | F82: 2903020 | G82: 0 | H82: 0 | I82: 51.48 | J82: 3_102_0 | K82: CDR_Pivot_V161_leftdown_all | L82: SUBCASE 102 = STLP ULT (INTACT) :STLP ULT (INTACT) | M82: Simulation 1 | N82: 28912.994482317765 169.75730870977048 4092.1988255118936 | O82: -549.741 | P82: -4753.46 | Q82: -865.544 | R82: 0 | S82: 28909.509037036805 169.9081408732097 4055.9645306953544 | T82: 28902.959255162343 169.84780800783403 4063.908354292486 | U82: 28896.409473287884 169.78747514245833 4071.8521778896175 | V82: 28889.85969141342 169.72714227708263 4079.7960014867494 | W82: 28883.309909538963 169.66680941170694 4087.739825083881 | X82: 28876.7601276645 169.60647654633127 4095.6836486810125 | Y82: 28884.704087651346 169.60647654633127 4102.233543010497 | Z82: 28892.64804763819 169.60647654633127 4108.783437339981 | AA82: 28900.592007625033 169.60647654633127 4115.333331669465 | AB82: 28908.53596761188 169.60647654633127 4121.883225998949 | AC82: 28916.479927598724 169.60647654633127 4128.433120328433 | AD82: 28923.029709473187 169.66680941170694 4120.489296731301 | AE82: 28929.579491347646 169.72714227708263 4112.54547313417 | AF82: 28936.129273222108 169.78747514245833 4104.601649537038 | AG82: 28942.679055096567 169.84780800783403 4096.657825939907 | AH82: 28949.22883697103 169.9081408732097 4088.7140023427746 | AI82: 28941.284876984184 169.9081408732097 4082.1641080132904 | AJ82: 28933.34091699734 169.9081408732097 4075.6142136838066 | AK82: 28925.396957010496 169.9081408732097 4069.0643193543224 | AL82: 28917.45299702365 169.9081408732097 4062.514425024838 | AM82: 0 | AN82: 0 | AO82: 0 | AP82: 0 | AQ82: 0 | AR82: 0 | AS82: 0 | AT82: 0 | AU82: 0 | AV82: 0 | AW82: 0 | AX82: 0 | AY82: 0 | AZ82: 0 | BA82: 0 | BB82: 0 | BC82: 0 | BD82: 0 | BE82: 0 | BF82: 0 | BG82: 0 | BH82: 0 | BI82: 0 | BJ82: 0 | BK82: 0 | BL82: 0 | BM82: 0 | BN82: 0 | BO82: 0 | BP82: 0 | BQ82: 0 | BR82: 0 | BS82: 0 | BT82: 0 | BU82: 0 | BV82: 0 | BW82: 0 | BX82: 0 | BY82: 0 | BZ82: 0 | CA82: 0 | CB82: 0 | CC82: 0 | CD82: 0 | CE82: 0 | CF82: 0 | CG82: 0 | CH82: 0 | CI82: 0 | CJ82: 0 | CK82: 0 | CL82: 0 | CM82: 0 | CN82: 0 | CO82: 0 | CP82: 0 | CQ82: 0 | CR82: 0 | CS82: 0 | CT82: 0 | CU82: 0 | CV82: 0 | CW82: 0 | CX82: 0 | CY82: 0 | CZ82: 0 | DA82: 0 | DB82: 0 | DC82: 0 | DD82: 0 | DE82: 0 | DF82: 0 | DG82: 0 | DH82: 0 | DI82: 0 | DJ82: 0 | DK82: 0 | DL82: 0 | DM82: 0 | DN82: 0 | DO82: 0 | DP82: 0 | DQ82: 0 | DR82: 0 | DS82: 0 | DT82: 0 | DU82: 0 | DV82: 0 | DW82: 0 | DX82: 0 | DY82: 0 | DZ82: 0 | EA82: 0 | EB82: 0 | EC82: 0 | ED82: 0 | EE82: 0 | EF82: 0 | EG82: 0 | EH82: 0 | EI82: 0 | EJ82: 0 | EK82: 0 | EL82: 0 | EM82: 0 | EN82: 0 | EO82: 0 | EP82: 0 | EQ82: 0 | ER82: 0 | ES82: 0 | ET82: 0 | EU82: 0 | EV82: 0 | EW82: 0 | EX82: 0 | EY82: 0 | EZ82: 0 | FA82: 0 | FB82: 0 | FC82: 0 | FD82: 0 | FE82: 0 | FF82: 0 | FG82: 0 | FH82: 0 | FI82: 0 | FJ82: 0 | FK82: 0 | FL82: 0
A83: 75 | B83: 12 | C83: 1500743 | D83: SkinRH | E83: 2903020 | F83: 1903022 | G83: 0 | H83: 0 | I83: 57.915 | J83: 2_101_0 | K83: CDR_Pivot_V161_rightdown_all | L83: SUBCASE 101 = STLN ULT (INTACT) :STLN ULT (INTACT) | M83: Simulation 1 | N83: 28912.994482317765 159.34803458400899 4092.1988255118936 | O83: -6547.5 | P83: 1198.22 | Q83: 476.783 | R83: 6561.7 | S83: 28872.094019163753 160.55788225529972 4090.536900453543 | T83: 28879.934581178186 160.07394318678342 4099.049084619534 | U83: 28887.775143192623 159.59000411826713 4107.561268785526 | V83: 28895.615705207056 159.10606504975084 4116.0734529515175 | W83: 28903.456267221492 158.62212598123455 4124.58563711751 | X83: 28911.296829235926 158.13818691271825 4133.097821283502 | Y83: 28919.816452483097 158.13818691271825 4125.25040714085 | Z83: 28928.336075730265 158.13818691271825 4117.402992998199 | AA83: 28936.855698977437 158.13818691271825 4109.5555788555475 | AB83: 28945.375322224605 158.13818691271825 4101.708164712896 | AC83: 28953.894945471777 158.13818691271825 4093.8607505702444 | AD83: 28946.054383457344 158.62212598123455 4085.348566404253 | AE83: 28938.213821442907 159.10606504975084 4076.836382238261 | AF83: 28930.373259428474 159.59000411826713 4068.324198072269 | AG83: 28922.532697414037 160.07394318678342 4059.8120139062776 | AH83: 28914.692135399604 160.55788225529972 4051.299829740286 | AI83: 28906.172512152432 160.55788225529972 4059.1472438829373 | AJ83: 28897.652888905264 160.55788225529972 4066.9946580255887 | AK83: 28889.133265658093 160.55788225529972 4074.84207216824 | AL83: 28880.613642410925 160.55788225529972 4082.6894863108914 | AM83: -95.6383 | AN83: -77.5118 | AO83: -56.9685 | AP83: -45.9679 | AQ83: -45.0215 | AR83: -47.2305 | AS83: -226.245 | AT83: -397.883 | AU83: -529.915 | AV83: -639.49 | AW83: -770.002 | AX83: -801.945 | AY83: -833.48 | AZ83: -857.014 | BA83: -877.596 | BB83: -897.009 | BC83: -695.096 | BD83: -501.385 | BE83: -354.721 | BF83: -227.739 | BG83: 330.677 | BH83: 344.056 | BI83: 345.492 | BJ83: 359.395 | BK83: 386.072 | BL83: 417.335 | BM83: 427.88 | BN83: 443.318 | BO83: 443.567 | BP83: 429.322 | BQ83: 412.044 | BR83: 366.51 | BS83: 336.552 | BT83: 311.34 | BU83: 289.676 | BV83: 274.536 | BW83: 280.633 | BX83: 279.558 | BY83: 288.139 | BZ83: 299.174 | CA83: -497.181 | CB83: -529.111 | CC83: -545.325 | CD83: -562.411 | CE83: -571.483 | CF83: -568.983 | CG83: -571.03 | CH83: -556.901 | CI83: -530.357 | CJ83: -508.496 | CK83: -480.911 | CL83: -464.044 | CM83: -439.608 | CN83: -410.395 | CO83: -385.025 | CP83: -370.171 | CQ83: -392.208 | CR83: -426.858 | CS83: -461.255 | CT83: -463.274 | CU83: -7926.06 | CV83: -9141.29 | CW83: -9069.87 | CX83: -8676.52 | CY83: -8176.96 | CZ83: -7565.67 | DA83: -7185.1 | DB83: -7164.76 | DC83: -7200.6 | DD83: -7581.91 | DE83: -8132.19 | DF83: -9764.73 | DG83: -11360.5 | DH83: -12448.2 | DI83: -12569.7 | DJ83: -11826 | DK83: -11525.9 | DL83: -11020.9 | DM83: -10250.6 | DN83: -8905.22 | DO83: -1789.8 | DP83: -1729.41 | DQ83: -1744.93 | DR83: -1778.53 | DS83: -1813.79 | DT83: -1928.96 | DU83: -1722.23 | DV83: -1492.34 | DW83: -1537.48 | DX83: -1261.32 | DY83: -444.302 | DZ83: -1191.39 | EA83: -1750.81 | EB83: -2105.27 | EC83: -2399.74 | ED83: -2637.75 | EE83: -3536.76 | EF83: -4245.7 | EG83: -3804.57 | EH83: -2651.86 | EI83: 1045.78 | EJ83: 1642.14 | EK83: 2035.64 | EL83: 2111.62 | EM83: 1924.5 | EN83: 1660.08 | EO83: 1962.76 | EP83: 2262.95 | EQ83: 2211.98 | ER83: 1734.7 | ES83: 1157.28 | ET83: 706.772 | EU83: 534.395 | EV83: 611.988 | EW83: 618.814 | EX83: 413.196 | EY83: 690.762 | EZ83: 519.947 | FA83: 275.615 | FB83: 628.881 | FC83: -435.128 | FD83: -461.931 | FE83: 331.776 | FF83: 363.838 | FG83: -425.026 | FH83: -545.749 | FI83: 8857.08 | FJ83: 1776.22 | FK83: -1209.42 | FL83: 0
A84: 76 | B84: 12 | C84: 1500743 | D84: SkinRH | E84: 2903020 | F84: 1903022 | G84: 0 | H84: 0 | I84: 57.915 | J84: 3_102_0 | K84: CDR_Pivot_V161_leftdown_all | L84: SUBCASE 102 = STLP ULT (INTACT) :STLP ULT (INTACT) | M84: Simulation 1 | N84: 28912.994482317765 159.34803458400899 4092.1988255118936 | O84: 4777.08 | P84: -104.301 | Q84: -903.01 | R84: 0 | S84: 28872.094019163753 160.55788225529972 4090.536900453543 | T84: 28879.934581178186 160.07394318678342 4099.049084619534 | U84: 28887.775143192623 159.59000411826713 4107.561268785526 | V84: 28895.615705207056 159.10606504975084 4116.0734529515175 | W84: 28903.456267221492 158.62212598123455 4124.58563711751 | X84: 28911.296829235926 158.13818691271825 4133.097821283502 | Y84: 28919.816452483097 158.13818691271825 4125.25040714085 | Z84: 28928.336075730265 158.13818691271825 4117.402992998199 | AA84: 28936.855698977437 158.13818691271825 4109.5555788555475 | AB84: 28945.375322224605 158.13818691271825 4101.708164712896 | AC84: 28953.894945471777 158.13818691271825 4093.8607505702444 | AD84: 28946.054383457344 158.62212598123455 4085.348566404253 | AE84: 28938.213821442907 159.10606504975084 4076.836382238261 | AF84: 28930.373259428474 159.59000411826713 4068.324198072269 | AG84: 28922.532697414037 160.07394318678342 4059.8120139062776 | AH84: 28914.692135399604 160.55788225529972 4051.299829740286 | AI84: 28906.172512152432 160.55788225529972 4059.1472438829373 | AJ84: 28897.652888905264 160.55788225529972 4066.9946580255887 | AK84: 28889.133265658093 160.55788225529972 4074.84207216824 | AL84: 28880.613642410925 160.55788225529972 4082.6894863108914 | AM84: 407.281 | AN84: 428.694 | AO84: 434.406 | AP84: 442.352 | AQ84: 450.327 | AR84: 451.083 | AS84: 903.413 | AT84: 1354.81 | AU84: 1745.82 | AV84: 2051.84 | AW84: 2245.15 | AX84: 2033.08 | AY84: 1836.62 | AZ84: 1678.52 | BA84: 1545.3 | BB84: 1439.74 | BC84: 1286.47 | BD84: 1083.74 | BE84: 872.89 | BF84: 639.899 | BG84: -380.633 | BH84: -386.363 | BI84: -369.855 | BJ84: -355.108 | BK84: -341.105 | BL84: -321.248 | BM84: -361.734 | BN84: -422.711 | BO84: -480.432 | BP84: -527.928 | BQ84: -558.605 | BR84: -547.117 | BS84: -518.798 | BT84: -483 | BU84: -441.824 | BV84: -405.363 | BW84: -421.254 | BX84: -412.956 | BY84: -399.293 | BZ84: -378.866 | CA84: 367.291 | CB84: 361.459 | CC84: 337.03 | CD84: 312.997 | CE84: 281.931 | CF84: 250.115 | CG84: 260.501 | CH84: 302.004 | CI84: 384.08 | CJ84: 536.311 | CK84: 754.978 | CL84: 761.223 | CM84: 749.014 | CN84: 718.066 | CO84: 681.401 | CP84: 648.397 | CQ84: 557.697 | CR84: 485.879 | CS84: 434.387 | CT84: 377.545 | CU84: 9172.13 | CV84: 10655.1 | CW84: 10911 | CX84: 10887.7 | CY84: 10754.4 | CZ84: 10463.9 | DA84: 10291.7 | DB84: 10419.7 | DC84: 10511.4 | DD84: 10787 | DE84: 11023.7 | DF84: 12007.4 | DG84: 13032 | DH84: 13641.2 | DI84: 13409.5 | DJ84: 12438 | DK84: 12321.8 | DL84: 11994.5 | DM84: 11358.7 | DN84: 10054.2 | DO84: 2322.3 | DP84: 2281.13 | DQ84: 2267.2 | DR84: 2243.87 | DS84: 2189.2 | DT84: 2185.68 | DU84: 2190.26 | DV84: 2297.92 | DW84: 2754.78 | DX84: 2950.27 | DY84: 2628.14 | DZ84: 3077.24 | EA84: 3332.8 | EB84: 3421.2 | EC84: 3473 | ED84: 3496.16 | EE84: 4382.72 | EF84: 4993.01 | EG84: 4470.87 | EH84: 3247.24 | EI84: -764.247 | EJ84: -1287.42 | EK84: -1611.38 | EL84: -1650.34 | EM84: -1471.74 | EN84: -1259.27 | EO84: -1370.19 | EP84: -1486.64 | EQ84: -1264.35 | ER84: -681.395 | ES84: -148.101 | ET84: 39.3749 | EU84: 3.90122 | EV84: -209.065 | EW84: -324.748 | EX84: -214.521 | EY84: -356.368 | EZ84: -116.244 | FA84: 109.043 | FB84: -304.14 | FC84: 955.004 | FD84: 1458.69 | FE84: -359.052 | FF84: -492.451 | FG84: 318.471 | FH84: 718.846 | FI84: -10903.1 | FJ84: -2743.16 | FK84: 698.082 | FL84: 0
A85: 77 | B85: 13 | C85: 3101244 | D85: SpliceInbLH | E85: 3908010 | F85: 3908011 | G85: 0 | H85: 0 | I85: 51.48 | J85: 2_101_0 | K85: CDR_Pivot_V161_rightdown_all | L85: SUBCASE 101 = STLN ULT (INTACT) :STLN ULT (INTACT) | M85: Simulation 1 | N85: 28859.583372652523 -151.70104443394223 4078.592457122779 | O85: 7477.78 | P85: -3479.56 | Q85: 309.72 | R85: 0 | S85: 28850.187828034264 -153.19959511954394 4043.4559620333566 | T85: 28859.09103589646 -152.60017484530326 4048.5922253733074 | U85: 28867.99424375866 -152.00075457106257 4053.7284887132582 | V85: 28876.89745162086 -151.4013342968219 4058.8647520532095 | W85: 28885.80065948306 -150.8019140225812 4064.0010153931603 | X85: 28894.703867345255 -150.20249374834052 4069.137278733111 | Y85: 28889.55887733036 -150.20249374834052 4078.055613428929 | Z85: 28884.413887315466 -150.20249374834052 4086.973948124747 | AA85: 28879.26889730057 -150.20249374834052 4095.892282820565 | AB85: 28874.123907285677 -150.20249374834052 4104.810617516383 | AC85: 28868.978917270782 -150.20249374834052 4113.728952212201 | AD85: 28860.075709408586 -150.8019140225812 4108.59268887225 | AE85: 28851.172501546385 -151.4013342968219 4103.456425532299 | AF85: 28842.26929368419 -152.00075457106257 4098.320162192348 | AG85: 28833.36608582199 -152.60017484530326 4093.1838988523973 | AH85: 28824.46287795979 -153.19959511954394 4088.0476355124465 | AI85: 28829.607867974686 -153.19959511954394 4079.1293008166285 | AJ85: 28834.75285798958 -153.19959511954394 4070.2109661208106 | AK85: 28839.897848004475 -153.19959511954394 4061.2926314249926 | AL85: 28845.04283801937 -153.19959511954394 4052.3742967291746 | AM85: 0 | AN85: 0 | AO85: 0 | AP85: 0 | AQ85: 0 | AR85: 0 | AS85: 0 | AT85: 0 | AU85: 0 | AV85: 0 | AW85: 0 | AX85: 0 | AY85: 0 | AZ85: 0 | BA85: 0 | BB85: 0 | BC85: 0 | BD85: 0 | BE85: 0 | BF85: 0 | BG85: 0 | BH85: 0 | BI85: 0 | BJ85: 0 | BK85: 0 | BL85: 0 | BM85: 0 | BN85: 0 | BO85: 0 | BP85: 0 | BQ85: 0 | BR85: 0 | BS85: 0 | BT85: 0 | BU85: 0 | BV85: 0 | BW85: 0 | BX85: 0 | BY85: 0 | BZ85: 0 | CA85: 0 | CB85: 0 | CC85: 0 | CD85: 0 | CE85: 0 | CF85: 0 | CG85: 0 | CH85: 0 | CI85: 0 | CJ85: 0 | CK85: 0 | CL85: 0 | CM85: 0 | CN85: 0 | CO85: 0 | CP85: 0 | CQ85: 0 | CR85: 0 | CS85: 0 | CT85: 0 | CU85: 0 | CV85: 0 | CW85: 0 | CX85: 0 | CY85: 0 | CZ85: 0 | DA85: 0 | DB85: 0 | DC85: 0 | DD85: 0 | DE85: 0 | DF85: 0 | DG85: 0 | DH85: 0 | DI85: 0 | DJ85: 0 | DK85: 0 | DL85: 0 | DM85: 0 | DN85: 0 | DO85: 0 | DP85: 0 | DQ85: 0 | DR85: 0 | DS85: 0 | DT85: 0 | DU85: 0 | DV85: 0 | DW85: 0 | DX85: 0 | DY85: 0 | DZ85: 0 | EA85: 0 | EB85: 0 | EC85: 0 | ED85: 0 | EE85: 0 | EF85: 0 | EG85: 0 | EH85: 0 | EI85: 0 | EJ85: 0 | EK85: 0 | EL85: 0 | EM85: 0 | EN85: 0 | EO85: 0 | EP85: 0 | EQ85: 0 | ER85: 0 | ES85: 0 | ET85: 0 | EU85: 0 | EV85: 0 | EW85: 0 | EX85: 0 | EY85: 0 | EZ85: 0 | FA85: 0 | FB85: 0 | FC85: 0 | FD85: 0 | FE85: 0 | FF85: 0 | FG85: 0 | FH85: 0 | FI85: 0 | FJ85: 0 | FK85: 0 | FL85: 0
A86: 78 | B86: 13 | C86: 3101244 | D86: SpliceInbLH | E86: 3908010 | F86: 3908011 | G86: 0 | H86: 0 | I86: 51.48 | J86: 3_102_0 | K86: CDR_Pivot_V161_leftdown_all | L86: SUBCASE 102 = STLP ULT (INTACT) :STLP ULT (INTACT) | M86: Simulation 1 | N86: 28859.583372652523 -151.70104443394223 4078.592457122779 | O86: -7503.89 | P86: 3176.84 | Q86: -219.043 | R86: 8080.94 | S86: 28850.187828034264 -153.19959511954394 4043.4559620333566 | T86: 28859.09103589646 -152.60017484530326 4048.5922253733074 | U86: 28867.99424375866 -152.00075457106257 4053.7284887132582 | V86: 28876.89745162086 -151.4013342968219 4058.8647520532095 | W86: 28885.80065948306 -150.8019140225812 4064.0010153931603 | X86: 28894.703867345255 -150.20249374834052 4069.137278733111 | Y86: 28889.55887733036 -150.20249374834052 4078.055613428929 | Z86: 28884.413887315466 -150.20249374834052 4086.973948124747 | AA86: 28879.26889730057 -150.20249374834052 4095.892282820565 | AB86: 28874.123907285677 -150.20249374834052 4104.810617516383 | AC86: 28868.978917270782 -150.20249374834052 4113.728952212201 | AD86: 28860.075709408586 -150.8019140225812 4108.59268887225 | AE86: 28851.172501546385 -151.4013342968219 4103.456425532299 | AF86: 28842.26929368419 -152.00075457106257 4098.320162192348 | AG86: 28833.36608582199 -152.60017484530326 4093.1838988523973 | AH86: 28824.46287795979 -153.19959511954394 4088.0476355124465 | AI86: 28829.607867974686 -153.19959511954394 4079.1293008166285 | AJ86: 28834.75285798958 -153.19959511954394 4070.2109661208106 | AK86: 28839.897848004475 -153.19959511954394 4061.2926314249926 | AL86: 28845.04283801937 -153.19959511954394 4052.3742967291746 | AM86: 0 | AN86: 0 | AO86: 0 | AP86: 0 | AQ86: 0 | AR86: 0 | AS86: 0 | AT86: 0 | AU86: 0 | AV86: 0 | AW86: 0 | AX86: 0 | AY86: 0 | AZ86: 0 | BA86: 0 | BB86: 0 | BC86: 0 | BD86: 0 | BE86: 0 | BF86: 0 | BG86: 0 | BH86: 0 | BI86: 0 | BJ86: 0 | BK86: 0 | BL86: 0 | BM86: 0 | BN86: 0 | BO86: 0 | BP86: 0 | BQ86: 0 | BR86: 0 | BS86: 0 | BT86: 0 | BU86: 0 | BV86: 0 | BW86: 0 | BX86: 0 | BY86: 0 | BZ86: 0 | CA86: 0 | CB86: 0 | CC86: 0 | CD86: 0 | CE86: 0 | CF86: 0 | CG86: 0 | CH86: 0 | CI86: 0 | CJ86: 0 | CK86: 0 | CL86: 0 | CM86: 0 | CN86: 0 | CO86: 0 | CP86: 0 | CQ86: 0 | CR86: 0 | CS86: 0 | CT86: 0 | CU86: 0 | CV86: 0 | CW86: 0 | CX86: 0 | CY86: 0 | CZ86: 0 | DA86: 0 | DB86: 0 | DC86: 0 | DD86: 0 | DE86: 0 | DF86: 0 | DG86: 0 | DH86: 0 | DI86: 0 | DJ86: 0 | DK86: 0 | DL86: 0 | DM86: 0 | DN86: 0 | DO86: 0 | DP86: 0 | DQ86: 0 | DR86: 0 | DS86: 0 | DT86: 0 | DU86: 0 | DV86: 0 | DW86: 0 | DX86: 0 | DY86: 0 | DZ86: 0 | EA86: 0 | EB86: 0 | EC86: 0 | ED86: 0 | EE86: 0 | EF86: 0 | EG86: 0 | EH86: 0 | EI86: 0 | EJ86: 0 | EK86: 0 | EL86: 0 | EM86: 0 | EN86: 0 | EO86: 0 | EP86: 0 | EQ86: 0 | ER86: 0 | ES86: 0 | ET86: 0 | EU86: 0 | EV86: 0 | EW86: 0 | EX86: 0 | EY86: 0 | EZ86: 0 | FA86: 0 | FB86: 0 | FC86: 0 | FD86: 0 | FE86: 0 | FF86: 0 | FG86: 0 | FH86: 0 | FI86: 0 | FJ86: 0 | FK86: 0 | FL86: 0
... A92: 84 | B92: 14 | C92: 2100638 | D92: SpliceOutbLH | E92: 2906010 | F92: 2906010 | G92: 0 | H92: 0 | I92: 51.48 | J92: 3_102_0 | K92: CDR_Pivot_V161_leftdown_all | L92: SUBCASE 102 = STLP ULT (INTACT) :STLP ULT (INTACT) | M92: Simulation 1 | N92: 29068.47230790158 -164.82051084937655 3945.13031535279 | O92: 5633.55 | P92: 7053.74 | Q92: -998.706 | R92: 5992.17 | S92: 29068.09593989647 -164.79926671100097 3908.73041019067 | T92: 29075.451194504276 -164.8077643663512 3915.935115142587 | U92: 29082.806449112086 -164.81626202170142 3923.139820094504 | V92: 29090.161703719892 -164.82475967705167 3930.344525046421 | W92: 29097.516958327702 -164.8332573324019 3937.549229998338 | X92: 29104.87221293551 -164.84175498775213 3944.753934950255 | Y92: 29097.667505529746 -164.84175498775213 3952.109192063186 | Z92: 29090.46279812398 -164.84175498775213 3959.464449176117 | AA92: 29083.258090718216 -164.84175498775213 3966.819706289048 | AB92: 29076.05338331245 -164.84175498775213 3974.174963401979 | AC92: 29068.848675906687 -164.84175498775213 3981.53022051491 | AD92: 29061.49342129888 -164.8332573324019 3974.325515562993 | AE92: 29054.13816669107 -164.82475967705167 3967.120810611076 | AF92: 29046.782912083265 -164.81626202170142 3959.9161056591593 | AG92: 29039.427657475455 -164.8077643663512 3952.7114007072423 | AH92: 29032.07240286765 -164.79926671100097 3945.5066957553254 | AI92: 29039.27711027341 -164.79926671100097 3938.151438642394 | AJ92: 29046.481817679178 -164.79926671100097 3930.7961815294634 | AK92: 29053.68652508494 -164.79926671100097 3923.440924416532 | AL92: 29060.891232490707 -164.79926671100097 3916.0856673036014 | AM92: 0 | AN92: 0 | AO92: 0 | AP92: 0 | AQ92: 0 | AR92: 0 | AS92: 0 | AT92: 0 | AU92: 0 | AV92: 0 | AW92: 0 | AX92: 0 | AY92: 0 | AZ92: 0 | BA92: 0 | BB92: 0 | BC92: 0 | BD92: 0 | BE92: 0 | BF92: 0 | BG92: 0 | BH92: 0 | BI92: 0 | BJ92: 0 | BK92: 0 | BL92: 0 | BM92: 0 | BN92: 0 | BO92: 0 | BP92: 0 | BQ92: 0 | BR92: 0 | BS92: 0 | BT92: 0 | BU92: 0 | BV92: 0 | BW92: 0 | BX92: 0 | BY92: 0 | BZ92: 0 | CA92: 0 | CB92: 0 | CC92: 0 | CD92: 0 | CE92: 0 | CF92: 0 | CG92: 0 | CH92: 0 | CI92: 0 | CJ92: 0 | CK92: 0 | CL92: 0 | CM92: 0 | CN92: 0 | CO92: 0 | CP92: 0 | CQ92: 0 | CR92: 0 | CS92: 0 | CT92: 0 | CU92: 0 | CV92: 0 | CW92: 0 | CX92: 0 | CY92: 0 | CZ92: 0 | DA92: 0 | DB92: 0 | DC92: 0 | DD92: 0 | DE92: 0 | DF92: 0 | DG92: 0 | DH92: 0 | DI92: 0 | DJ92: 0 | DK92: 0 | DL92: 0 | DM92: 0 | DN92: 0 | DO92: 0 | DP92: 0 | DQ92: 0 | DR92: 0 | DS92: 0 | DT92: 0 | DU92: 0 | DV92: 0 | DW92: 0 | DX92: 0 | DY92: 0 | DZ92: 0 | EA92: 0 | EB92: 0 | EC92: 0 | ED92: 0 | EE92: 0 | EF92: 0 | EG92: 0 | EH92: 0 | EI92: 0 | EJ92: 0 | EK92: 0 | EL92: 0 | EM92: 0 | EN92: 0 | EO92: 0 | EP92: 0 | EQ92: 0 | ER92: 0 | ES92: 0 | ET92: 0 | EU92: 0 | EV92: 0 | EW92: 0 | EX92: 0 | EY92: 0 | EZ92: 0 | FA92: 0 | FB92: 0 | FC92: 0 | FD92: 0 | FE92: 0 | FF92: 0 | FG92: 0 | FH92: 0 | FI92: 0 | FJ92: 0 | FK92: 0 | FL92: 0
A93: 85 | B93: 14 | C93: 51800095 | D93: GFEMUpperStructre | E93: 2906010 | F93: 1906012 | G93: 0 | H93: 0 | I93: 51.48 | J93: 2_101_0 | K93: CDR_Pivot_V161_rightdown_all | L93: SUBCASE 101 = STLN ULT (INTACT) :STLN ULT (INTACT) | M93: Simulation 1 | N93: 29068.47230790158 -156.08267559445642 3945.13031535279 | O93: -1487.71 | P93: -9336.82 | Q93: 2218.18 | R93: 0 | S93: 29043.009230190914 -156.97526163496315 3919.131658394001 | T93: 29053.298512420675 -156.61822721876047 3919.2356469602155 | U93: 29063.58779465044 -156.26119280255776 3919.3396355264294 | V93: 29073.877076880206 -155.90415838635508 3919.4436240926434 | W93: 29084.16635910997 -155.54712397015237 3919.5476126588574 | X93: 29094.455641339733 -155.1900895539497 3919.6516012250718 | Y93: 29094.351590194234 -155.1900895539497 3929.9470754423733 | Z93: 29094.247539048738 -155.1900895539497 3940.2425496596748 | AA93: 29094.14348790324 -155.1900895539497 3950.5380238769762 | AB93: 29094.039436757743 -155.1900895539497 3960.8334980942777 | AC93: 29093.935385612243 -155.1900895539497 3971.128972311579 | AD93: 29083.64610338248 -155.54712397015237 3971.024983745365 | AE93: 29073.356821152716 -155.90415838635508 3970.920995179151 | AF93: 29063.06753892295 -156.26119280255776 3970.817006612937 | AG93: 29052.778256693186 -156.61822721876047 3970.713018046723 | AH93: 29043.20290676397 -159.83585800584848 3966.858023528266 | AI93: 29042.593025608923 -156.97526163496315 3960.313555263207 | AJ93: 29042.69707675442 -156.97526163496315 3950.0180810459055 | AK93: 29042.80112789992 -156.97526163496315 3939.722606828604 | AL93: 29042.905179045414 -156.97526163496315 3929.4271326113026 | AM93: 0 | AN93: 0 | AO93: 0 | AP93: 0 | AQ93: 0 | AR93: 0 | AS93: 0 | AT93: 0 | AU93: 0 | AV93: 0 | AW93: 0 | AX93: 0 | AY93: 0 | AZ93: 0 | BA93: 0 | BB93: 0 | BC93: 0 | BD93: 0 | BE93: 0 | BF93: 0 | BG93: 0 | BH93: 0 | BI93: 0 | BJ93: 0 | BK93: 0 | BL93: 0 | BM93: 0 | BN93: 0 | BO93: 0 | BP93: 0 | BQ93: 0 | BR93: 0 | BS93: 0 | BT93: 0 | BU93: 0 | BV93: 0 | BW93: 0 | BX93: 0 | BY93: 0 | BZ93: 0 | CA93: 0 | CB93: 0 | CC93: 0 | CD93: 0 | CE93: 0 | CF93: 0 | CG93: 0 | CH93: 0 | CI93: 0 | CJ93: 0 | CK93: 0 | CL93: 0 | CM93: 0 | CN93: 0 | CO93: 0 | CP93: 0 | CQ93: 0 | CR93: 0 | CS93: 0 | CT93: 0 | CU93: 0 | CV93: 0 | CW93: 0 | CX93: 0 | CY93: 0 | CZ93: 0 | DA93: 0 | DB93: 0 | DC93: 0 | DD93: 0 | DE93: 0 | DF93: 0 | DG93: 0 | DH93: 0 | DI93: 0 | DJ93: 0 | DK93: 0 | DL93: 0 | DM93: 0 | DN93: 0 | DO93: 0 | DP93: 0 | DQ93: 0 | DR93: 0 | DS93: 0 | DT93: 0 | DU93: 0 | DV93: 0 | DW93: 0 | DX93: 0 | DY93: 0 | DZ93: 0 | EA93: 0 | EB93: 0 | EC93: 0 | ED93: 0 | EE93: 0 | EF93: 0 | EG93: 0 | EH93: 0 | EI93: 0 | EJ93: 0 | EK93: 0 | EL93: 0 | EM93: 0 | EN93: 0 | EO93: 0 | EP93: 0 | EQ93: 0 | ER93: 0 | ES93: 0 | ET93: 0 | EU93: 0 | EV93: 0 | EW93: 0 | EX93: 0 | EY93: 0 | EZ93: 0 | FA93: 0 | FB93: 0 | FC93: 0 | FD93: 0 | FE93: 0 | FF93: 0 | FG93: 0 | FH93: 0 | FI93: 0 | FJ93: 0 | FK93: 0 | FL93: 0 | FM93: Pt16 modified
A94: 86 | B94: 14 | C94: 51800095 | D94: GFEMUpperStructre | E94: 2906010 | F94: 1906012 | G94: 0 | H94: 0 | I94: 51.48 | J94: 3_102_0 | K94: CDR_Pivot_V161_leftdown_all | L94: SUBCASE 102 = STLP ULT (INTACT) :STLP ULT (INTACT) | M94: Simulation 1 | N94: 29068.47230790158 -156.08267559445642 3945.13031535279 | O94: 856.577 | P94: 8596.97 | Q94: -2801.41 | R94: 5992.17 | S94: 29043.009230190914 -156.97526163496315 3919.131658394001 | T94: 29053.298512420675 -156.61822721876047 3919.2356469602155 | U94: 29063.58779465044 -156.26119280255776 3919.3396355264294 | V94: 29073.877076880206 -155.90415838635508 3919.4436240926434 | W94: 29084.16635910997 -155.54712397015237 3919.5476126588574 | X94: 29094.455641339733 -155.1900895539497 3919.6516012250718 | Y94: 29094.351590194234 -155.1900895539497 3929.9470754423733 | Z94: 29094.247539048738 -155.1900895539497 3940.2425496596748 | AA94: 29094.14348790324 -155.1900895539497 3950.5380238769762 | AB94: 29094.039436757743 -155.1900895539497 3960.8334980942777 | AC94: 29093.935385612243 -155.1900895539497 3971.128972311579 | AD94: 29083.64610338248 -155.54712397015237 3971.024983745365 | AE94: 29073.356821152716 -155.90415838635508 3970.920995179151 | AF94: 29063.06753892295 -156.26119280255776 3970.817006612937 | AG94: 29052.778256693186 -156.61822721876047 3970.713018046723 | AH94: 29043.20290676397 -159.83585800584848 3966.858023528266 | AI94: 29042.593025608923 -156.97526163496315 3960.313555263207 | AJ94: 29042.69707675442 -156.97526163496315 3950.0180810459055 | AK94: 29042.80112789992 -156.97526163496315 3939.722606828604 | AL94: 29042.905179045414 -156.97526163496315 3929.4271326113026 | AM94: 0 | AN94: 0 | AO94: 0 | AP94: 0 | AQ94: 0 | AR94: 0 | AS94: 0 | AT94: 0 | AU94: 0 | AV94: 0 | AW94: 0 | AX94: 0 | AY94: 0 | AZ94: 0 | BA94: 0 | BB94: 0 | BC94: 0 | BD94: 0 | BE94: 0 | BF94: 0 | BG94: 0 | BH94: 0 | BI94: 0 | BJ94: 0 | BK94: 0 | BL94: 0 | BM94: 0 | BN94: 0 | BO94: 0 | BP94: 0 | BQ94: 0 | BR94: 0 | BS94: 0 | BT94: 0 | BU94: 0 | BV94: 0 | BW94: 0 | BX94: 0 | BY94: 0 | BZ94: 0 | CA94: 0 | CB94: 0 | CC94: 0 | CD94: 0 | CE94: 0 | CF94: 0 | CG94: 0 | CH94: 0 | CI94: 0 | CJ94: 0 | CK94: 0 | CL94: 0 | CM94: 0 | CN94: 0 | CO94: 0 | CP94: 0 | CQ94: 0 | CR94: 0 | CS94: 0 | CT94: 0 | CU94: 0 | CV94: 0 | CW94: 0 | CX94: 0 | CY94: 0 | CZ94: 0 | DA94: 0 | DB94: 0 | DC94: 0 | DD94: 0 | DE94: 0 | DF94: 0 | DG94: 0 | DH94: 0 | DI94: 0 | DJ94: 0 | DK94: 0 | DL94: 0 | DM94: 0 | DN94: 0 | DO94: 0 | DP94: 0 | DQ94: 0 | DR94: 0 | DS94: 0 | DT94: 0 | DU94: 0 | DV94: 0 | DW94: 0 | DX94: 0 | DY94: 0 | DZ94: 0 | EA94: 0 | EB94: 0 | EC94: 0 | ED94: 0 | EE94: 0 | EF94: 0 | EG94: 0 | EH94: 0 | EI94: 0 | EJ94: 0 | EK94: 0 | EL94: 0 | EM94: 0 | EN94: 0 | EO94: 0 | EP94: 0 | EQ94: 0 | ER94: 0 | ES94: 0 | ET94: 0 | EU94: 0 | EV94: 0 | EW94: 0 | EX94: 0 | EY94: 0 | EZ94: 0 | FA94: 0 | FB94: 0 | FC94: 0 | FD94: 0 | FE94: 0 | FF94: 0 | FG94: 0 | FH94: 0 | FI94: 0 | FJ94: 0 | FK94: 0 | FL94: 0 | FM94: Pt16 modified
A95: 87 | B95: 15 | C95: 2101589 | D95: SpliceOutbLH | E95: 2907010 | F95: 2907010 | G95: 0 | H95: 0 | I95: 51.48 | J95: 2_101_0 | K95: CDR_Pivot_V161_rightdown_all | L95: SUBCASE 101 = STLN ULT (INTACT) :STLN ULT (INTACT) | M95: Simulation 1 | N95: 28795.69387421694 -171.6702683032772 4127.478003109183 | O95: 3062.42 | P95: -121.77 | Q95: -143.891 | R95: 236.587 | S95: 28760.766255621005 -172.3854318603044 4137.504255470661 | T95: 28765.693678293213 -171.2913112160044 4128.4316131260075 | U95: 28770.705052574012 -171.54394927418628 4119.4410671009155 | V95: 28775.716426854815 -171.79658733236812 4110.450521075823 | W95: 28780.727801135614 -172.04922539055 4101.459975050731 | X95: 28785.739175416413 -172.30186344873186 4092.469429025639 | Y95: 28794.732429217423 -172.30186344873186 4097.482312633964 | Z95: 28803.725683018434 -172.30186344873186 4102.495196242289 | AA95: 28812.718936819445 -172.30186344873186 4107.508079850615 | AB95: 28821.712190620456 -172.30186344873186 4112.52096345894 | AC95: 28830.705444421466 -172.30186344873186 4117.533847067266 | AD95: 28825.694070140667 -172.04922539055 4126.524393092359 | AE95: 28820.68269585987 -171.79658733236812 4135.514939117451 | AF95: 28815.671321579066 -171.54394927418628 4144.505485142543 | AG95: 28810.659947298267 -171.2913112160044 4153.496031167635 | AH95: 28805.648573017468 -171.03867315782253 4162.486577192728 | AI95: 28796.655319216457 -171.03867315782253 4157.473693584402 | AJ95: 28787.662065415447 -171.03867315782253 4152.460809976077 | AK95: 28778.668811614436 -171.03867315782253 4147.447926367751 | AL95: 28769.675557813425 -171.03867315782253 4142.435042759426 | AM95: 0 | AN95: 0 | AO95: 0 | AP95: 0 | AQ95: 0 | AR95: 0 | AS95: 0 | AT95: 0 | AU95: 0 | AV95: 0 | AW95: 0 | AX95: 0 | AY95: 0 | AZ95: 0 | BA95: 0 | BB95: 0 | BC95: 0 | BD95: 0 | BE95: 0 | BF95: 0 | BG95: 0 | BH95: 0 | BI95: 0 | BJ95: 0 | BK95: 0 | BL95: 0 | BM95: 0 | BN95: 0 | BO95: 0 | BP95: 0 | BQ95: 0 | BR95: 0 | BS95: 0 | BT95: 0 | BU95: 0 | BV95: 0 | BW95: 0 | BX95: 0 | BY95: 0 | BZ95: 0 | CA95: 0 | CB95: 0 | CC95: 0 | CD95: 0 | CE95: 0 | CF95: 0 | CG95: 0 | CH95: 0 | CI95: 0 | CJ95: 0 | CK95: 0 | CL95: 0 | CM95: 0 | CN95: 0 | CO95: 0 | CP95: 0 | CQ95: 0 | CR95: 0 | CS95: 0 | CT95: 0 | CU95: 0 | CV95: 0 | CW95: 0 | CX95: 0 | CY95: 0 | CZ95: 0 | DA95: 0 | DB95: 0 | DC95: 0 | DD95: 0 | DE95: 0 | DF95: 0 | DG95: 0 | DH95: 0 | DI95: 0 | DJ95: 0 | DK95: 0 | DL95: 0 | DM95: 0 | DN95: 0 | DO95: 0 | DP95: 0 | DQ95: 0 | DR95: 0 | DS95: 0 | DT95: 0 | DU95: 0 | DV95: 0 | DW95: 0 | DX95: 0 | DY95: 0 | DZ95: 0 | EA95: 0 | EB95: 0 | EC95: 0 | ED95: 0 | EE95: 0 | EF95: 0 | EG95: 0 | EH95: 0 | EI95: 0 | EJ95: 0 | EK95: 0 | EL95: 0 | EM95: 0 | EN95: 0 | EO95: 0 | EP95: 0 | EQ95: 0 | ER95: 0 | ES95: 0 | ET95: 0 | EU95: 0 | EV95: 0 | EW95: 0 | EX95: 0 | EY95: 0 | EZ95: 0 | FA95: 0 | FB95: 0 | FC95: 0 | FD95: 0 | FE95: 0 | FF95: 0 | FG95: 0 | FH95: 0 | FI95: 0 | FJ95: 0 | FK95: 0 | FL95: 0 | FM95: Pt1 modified
